County,Travis,Travis,Travis,Travis,Travis,Travis,Travis,Travis,Travis,Travis,Travis,Travis,Travis,Travis,Travis,Travis,Travis,Travis,Travis,Travis,Travis,Travis,Travis,Williamson,Williamson,Williamson,Williamson,Williamson,Williamson,Williamson,Williamson,Williamson,Williamson,Williamson,Williamson,Williamson,Williamson,Williamson,Williamson
,Total population,White alone,White alone or in combination with one or more other races,Black or African American alone,Black or African American alone or in combination with one or more other races,Asian alone,Asian alone or in combination with one or more other races,Some other race alone,Some other race alone or in combination with one or more other races,Two or more races,Two races with Some Other Race,White; Some other race,Hispanic or Latino (of any race),Mexican,Not Hispanic or Latino,"White alone, not Hispanic or Latino","White alone or in combination with one or more other races, not Hispanic or Latino","Black or African American alone, not Hispanic or Latino","Black or African American alone or in combination with one or more other races, not Hispanic or Latino","Asian alone, not Hispanic or Latino","Asian alone or in combination with one or more other races, not Hispanic or Latino",White in combination with one or more other races,Some other race in combination with one or more other races,Total population,White alone,White alone or in combination with one or more other races,Asian alone or in combination with one or more other races,Some other race alone or in combination with one or more other races,Two or more races,Two races with Some Other Race,White; Some other race,Hispanic or Latino (of any race),Mexican,Not Hispanic or Latino,"White alone, not Hispanic or Latino","White alone or in combination with one or more other races, not Hispanic or Latino","Asian alone or in combination with one or more other races, not Hispanic or Latino",White in combination with one or more other races,Some other race in combination with one or more other races
Label,Estimate,Estimate,Estimate,Estimate,Estimate,Estimate,Estimate,Estimate,Estimate,Estimate,Estimate,Estimate,Estimate,Estimate,Estimate,Estimate,Estimate,Estimate,Estimate,Estimate,Estimate,Estimate,Estimate,Estimate,Estimate,Estimate,Estimate,Estimate,Estimate,Estimate,Estimate,Estimate,Estimate,Estimate,Estimate,Estimate,Estimate,Estimate,Estimate
TOTAL NUMBER OF RACES REPORTED,,,,,,,,,,,,,,,,,,,,,,,,,,,,,,,,,,,,,,,
Total population,"1,305,154","717,362","954,519","102,957","124,860","100,325","121,448","119,005","327,202","249,162","202,117","192,592","435,437","314,871","869,717","613,272","660,823","100,007","115,296","96,688","114,449","237,157","208,197","643,026","387,893","490,605","65,815","129,235","106,870","75,698","73,397","163,099","128,906","479,927","351,272","378,036","64,403","102,712","81,506"
One race,80.90%,100.00%,75.20%,100.00%,82.50%,100.00%,82.60%,100.00%,36.40%,(X),(X),(X),54.70%,55.20%,94.00%,100.00%,92.80%,100.00%,86.70%,100.00%,84.50%,(X),(X),83.40%,100.00%,79.10%,82.20%,36.90%,(X),(X),(X),52.30%,53.00%,94.00%,100.00%,92.90%,83.50%,(X),(X)
Two races,18.40%,(X),23.90%,(X),14.00%,(X),14.60%,(X),61.80%,96.10%,100.00%,100.00%,43.80%,43.20%,5.60%,(X),6.70%,(X),11.30%,(X),13.60%,96.00%,97.10%,15.40%,(X),19.40%,13.60%,58.60%,92.80%,100.00%,100.00%,44.50%,44.50%,5.50%,(X),6.40%,12.90%,92.50%,92.90%
Three races,0.60%,(X),0.90%,(X),2.60%,(X),2.20%,(X),1.60%,3.30%,(X),(X),1.30%,1.40%,0.30%,(X),0.40%,(X),1.50%,(X),1.40%,3.40%,2.50%,1.20%,(X),1.50%,3.80%,4.40%,7.00%,(X),(X),3.10%,2.30%,0.50%,(X),0.60%,3.40%,7.30%,7.00%
Four or more races,0.10%,(X),0.10%,(X),0.90%,(X),0.60%,(X),0.30%,0.50%,(X),(X),0.20%,0.20%,0.10%,(X),0.10%,(X),0.40%,(X),0.40%,0.50%,0.40%,0.00%,(X),0.10%,0.40%,0.10%,0.20%,(X),(X),0.10%,0.10%,0.00%,(X),0.00%,0.20%,0.20%,0.20%
SEX AND AGE,,,,,,,,,,,,,,,,,,,,,,,,,,,,,,,,,,,,,,,
Total population,"1,305,154","717,362","954,519","102,957","124,860","100,325","121,448","119,005","327,202","249,162","202,117","192,592","435,437","314,871","869,717","613,272","660,823","100,007","115,296","96,688","114,449","237,157","208,197","643,026","387,893","490,605","65,815","129,235","106,870","75,698","73,397","163,099","128,906","479,927","351,272","378,036","64,403","102,712","81,506"
Male,50.70%,50.40%,50.30%,49.70%,49.30%,49.50%,50.30%,55.20%,51.40%,49.70%,48.60%,48.80%,51.20%,50.50%,50.50%,51.00%,50.80%,50.10%,49.00%,49.50%,49.90%,50.00%,49.20%,49.70%,49.50%,49.80%,50.00%,49.50%,51.00%,50.80%,50.90%,49.80%,49.50%,49.70%,49.60%,49.60%,50.10%,50.70%,50.30%
Female,49.30%,49.60%,49.70%,50.30%,50.70%,50.50%,49.70%,44.80%,48.60%,50.30%,51.40%,51.20%,48.80%,49.50%,49.50%,49.00%,49.20%,49.90%,51.00%,50.50%,50.10%,50.00%,50.80%,50.30%,50.50%,50.20%,50.00%,50.50%,49.00%,49.20%,49.10%,50.20%,50.50%,50.30%,50.40%,50.40%,49.90%,49.30%,49.70%
Under 5 years,5.60%,4.70%,5.30%,5.10%,5.90%,5.70%,6.90%,7.60%,6.90%,7.10%,6.60%,6.80%,7.40%,7.70%,4.70%,4.00%,4.40%,5.00%,5.90%,4.90%,6.30%,7.20%,6.60%,5.90%,5.20%,5.80%,7.80%,7.00%,8.40%,6.90%,6.40%,7.30%,7.60%,5.40%,4.80%,5.20%,7.50%,8.00%,7.20%
5 to 17 years,15.10%,12.60%,14.70%,15.70%,16.80%,13.20%,15.80%,19.60%,19.50%,20.60%,19.70%,20.10%,20.30%,20.70%,12.40%,11.20%,12.00%,15.80%,16.90%,12.70%,14.80%,21.20%,19.50%,18.60%,17.00%,18.50%,21.70%,21.30%,23.90%,22.20%,22.50%,22.70%,24.40%,17.20%,15.90%,16.60%,21.50%,24.30%,22.70%
18 to 24 years,8.90%,7.40%,8.30%,9.90%,10.20%,9.40%,9.60%,11.80%,11.10%,10.60%,10.40%,10.60%,11.10%,11.20%,7.80%,7.20%,7.20%,9.90%,9.80%,9.40%,9.40%,10.80%,10.60%,7.90%,7.20%,7.80%,6.00%,9.40%,9.70%,9.20%,9.40%,10.80%,9.90%,6.90%,6.70%,7.00%,5.80%,9.80%,8.80%
25 to 34 years,19.50%,19.00%,18.90%,20.30%,20.10%,22.40%,22.40%,20.20%,19.10%,19.20%,18.70%,17.90%,18.60%,17.50%,20.00%,19.30%,19.50%,20.50%,19.90%,23.00%,23.30%,18.50%,18.40%,14.10%,12.70%,12.80%,14.70%,16.10%,13.70%,12.90%,12.70%,15.90%,16.00%,13.50%,12.60%,12.70%,14.70%,13.30%,12.40%
35 to 44 years,16.80%,17.60%,16.90%,15.20%,15.00%,19.40%,17.70%,15.20%,15.70%,15.10%,15.80%,15.30%,16.40%,15.90%,17.00%,17.10%,16.80%,15.00%,15.30%,19.60%,17.60%,14.80%,16.10%,16.80%,15.80%,15.80%,23.80%,17.20%,15.60%,17.90%,18.00%,17.30%,17.70%,16.70%,15.70%,15.30%,24.00%,15.70%,18.00%
45 to 54 years,13.10%,12.90%,13.10%,11.00%,11.30%,14.30%,13.50%,14.10%,14.10%,13.70%,14.10%,14.30%,12.20%,12.30%,13.60%,13.80%,13.70%,11.10%,11.60%,14.40%,13.90%,13.80%,14.10%,13.60%,13.70%,13.80%,13.70%,13.80%,14.00%,14.70%,14.60%,12.70%,12.80%,13.90%,13.90%,13.90%,13.80%,14.10%,14.50%
55 to 64 years,10.40%,11.90%,11.00%,12.20%,10.70%,7.90%,7.20%,7.30%,8.20%,8.00%,8.60%,9.00%,8.10%,8.20%,11.50%,12.50%,12.10%,12.20%,10.90%,8.20%,7.70%,8.30%,8.60%,10.50%,11.70%,11.10%,5.70%,9.40%,8.70%,10.30%,10.20%,7.50%,6.70%,11.50%,12.60%,12.30%,5.80%,8.60%,9.70%
65 to 74 years,7.10%,9.10%,7.80%,7.50%,7.00%,5.10%,4.50%,3.00%,4.00%,4.20%,4.60%,4.40%,4.10%,4.50%,8.50%,9.80%,9.30%,7.40%,6.70%,5.10%,4.60%,3.90%,4.60%,7.90%,10.20%,8.90%,4.50%,3.80%,3.90%,4.00%,4.10%,3.80%,3.30%,9.20%,10.90%,10.30%,4.60%,3.90%,4.20%
75 years and over,3.60%,4.80%,4.00%,3.10%,2.90%,2.60%,2.30%,1.20%,1.40%,1.50%,1.50%,1.60%,1.90%,2.00%,4.40%,5.20%,4.90%,3.10%,3.00%,2.70%,2.40%,1.60%,1.50%,4.70%,6.50%,5.60%,2.10%,2.00%,2.10%,1.90%,2.00%,1.90%,1.70%,5.70%,7.00%,6.70%,2.10%,2.20%,2.40%
Median age (years),35.5,37.9,36.4,34.6,33.7,34.5,32.6,29.6,31.6,31.5,32.6,32.6,31.4,30.7,37.5,39.3,38.5,34.6,33.9,35,33,31.4,32.7,36.9,39.9,38,34.9,33.4,30.2,34.4,34.4,31.2,30.2,39.3,41.3,40.4,35.2,30,34.3
18 years and over,79.30%,82.70%,79.90%,79.30%,77.30%,81.10%,77.30%,72.80%,73.50%,72.30%,73.70%,73.10%,72.30%,71.60%,82.90%,84.90%,83.60%,79.20%,77.20%,82.40%,78.90%,71.60%,73.90%,75.50%,77.80%,75.70%,70.50%,71.70%,67.70%,70.90%,71.00%,70.00%,68.00%,77.30%,79.40%,78.20%,71.00%,67.60%,70.00%
21 years and over,75.60%,79.90%,76.40%,73.50%,71.30%,77.50%,73.50%,68.40%,68.30%,66.90%,68.30%,67.50%,67.70%,66.40%,79.60%,82.10%,80.80%,73.30%,71.40%,78.60%,75.10%,66.00%,68.20%,72.20%,74.30%,72.10%,67.90%,68.40%,64.00%,66.90%,66.90%,65.60%,64.40%,74.40%,76.30%,75.10%,68.30%,63.80%,66.00%
62 years and over,13.60%,17.20%,15.00%,13.80%,12.60%,10.20%,9.10%,6.30%,7.70%,8.20%,8.60%,8.50%,8.10%,9.20%,16.40%,18.70%,17.90%,13.90%,12.60%,10.40%,9.40%,8.10%,8.50%,15.90%,20.40%,18.00%,8.00%,8.40%,8.60%,8.80%,9.10%,7.90%,6.80%,18.60%,21.90%,20.90%,8.20%,8.80%,9.50%
65 years and over,10.60%,13.80%,11.80%,10.60%,9.90%,7.70%,6.80%,4.20%,5.40%,5.70%,6.20%,6.00%,6.00%,6.60%,12.90%,15.00%,14.20%,10.50%,9.60%,7.90%,7.00%,5.60%,6.10%,12.60%,16.70%,14.50%,6.60%,5.80%,6.00%,5.90%,6.10%,5.70%,5.00%,14.90%,17.90%,17.00%,6.70%,6.10%,6.60%
Under 18 years,"269,709","124,437","191,777","21,352","28,363","18,918","27,620","32,356","86,604","69,020","53,084","51,882","120,575","89,413","149,134","92,799","108,298","20,799","26,320","17,030","24,106","67,340","54,248","157,707","85,994","119,223","19,412","36,553","34,570","22,009","21,265","48,983","41,212","108,724","72,425","82,426","18,703","33,229","24,444"
Male,51.10%,49.40%,48.50%,50.80%,48.90%,51.10%,51.50%,64.40%,53.20%,47.00%,45.90%,45.50%,51.30%,52.00%,50.90%,52.00%,51.60%,50.60%,48.20%,48.70%,48.90%,47.00%,46.50%,51.40%,51.20%,51.80%,52.30%,51.90%,53.60%,56.50%,56.30%,51.00%,50.10%,51.50%,51.40%,51.70%,52.30%,53.40%,55.10%
Female,48.90%,50.60%,51.50%,49.20%,51.10%,48.90%,48.50%,35.60%,46.80%,53.00%,54.10%,54.50%,48.70%,48.00%,49.10%,48.00%,48.40%,49.40%,51.80%,51.30%,51.10%,53.00%,53.50%,48.60%,48.80%,48.20%,47.70%,48.10%,46.40%,43.50%,43.70%,49.00%,49.90%,48.50%,48.60%,48.30%,47.70%,46.60%,44.90%
18 years and over,"1,035,445","592,925","762,742","81,605","96,497","81,407","93,828","86,649","240,598","180,142","149,033","140,710","314,862","225,458","720,583","520,473","552,525","79,208","88,976","79,658","90,343","169,817","153,949","485,319","301,899","371,382","46,403","92,682","72,300","53,689","52,132","114,116","87,694","371,203","278,847","295,610","45,700","69,483","57,062"
Male,50.70%,50.60%,50.70%,49.50%,49.40%,49.10%,49.90%,51.80%,50.70%,50.70%,49.60%,50.10%,51.20%,49.90%,50.40%,50.80%,50.70%,49.90%,49.20%,49.60%,50.10%,51.10%,50.10%,49.20%,49.10%,49.10%,49.10%,48.50%,49.70%,48.40%,48.70%,49.30%,49.20%,49.20%,49.10%,49.00%,49.20%,49.40%,48.20%
Female,49.30%,49.40%,49.30%,50.50%,50.60%,50.90%,50.10%,48.20%,49.30%,49.30%,50.40%,49.90%,48.80%,50.10%,49.60%,49.20%,49.30%,50.10%,50.80%,50.40%,49.90%,48.90%,49.90%,50.80%,50.90%,50.90%,50.90%,51.50%,50.30%,51.60%,51.30%,50.70%,50.80%,50.80%,50.90%,51.00%,50.80%,50.60%,51.80%
18 to 34 years,"370,678","189,893","259,317","31,147","37,902","31,968","38,866","38,096","98,589","74,079","58,857","54,860","129,067","90,265","241,611","162,388","176,667","30,409","34,290","31,285","37,522","69,424","60,493","141,110","77,231","101,000","13,619","32,899","25,024","16,719","16,211","43,529","33,388","97,581","67,821","74,544","13,260","23,769","17,246"
Male,51.10%,50.00%,51.20%,52.80%,52.80%,49.70%,50.60%,50.50%,52.40%,54.00%,52.90%,52.60%,51.50%,51.50%,50.90%,50.80%,50.90%,52.00%,51.80%,50.80%,51.00%,54.30%,53.60%,50.00%,49.60%,50.90%,47.40%,48.40%,56.00%,48.40%,48.70%,49.70%,49.40%,50.10%,50.20%,51.20%,47.30%,55.00%,49.70%
Female,48.90%,50.00%,48.80%,47.20%,47.20%,50.30%,49.40%,49.50%,47.60%,46.00%,47.10%,47.40%,48.50%,48.50%,49.10%,49.20%,49.10%,48.00%,48.20%,49.20%,49.00%,45.70%,46.40%,50.00%,50.40%,49.10%,52.60%,51.60%,44.00%,51.60%,51.30%,50.30%,50.60%,49.90%,49.80%,48.80%,52.70%,45.00%,50.30%
35 to 64 years,"526,067","303,739","390,962","39,568","46,271","41,682","46,693","43,552","124,230","91,770","77,716","74,379","159,701","114,545","366,366","266,137","281,745","38,293","43,561","40,754","44,838","87,223","80,678","263,196","159,963","199,371","28,416","52,260","40,865","32,486","31,472","61,278","47,881","201,918","148,159","156,807","28,107","39,408","34,419"
Male,51.60%,52.30%,51.60%,48.80%,48.80%,49.40%,50.40%,53.80%,50.10%,48.80%,47.50%,48.80%,51.90%,49.10%,51.40%,52.30%,51.90%,50.20%,49.10%,49.70%,50.50%,49.40%,48.00%,50.20%,50.30%,49.90%,50.50%,49.90%,48.00%,50.20%,50.70%,50.10%,50.70%,50.30%,50.30%,49.70%,50.80%,48.10%,49.30%
Female,48.40%,47.70%,48.40%,51.20%,51.20%,50.60%,49.60%,46.20%,49.90%,51.20%,52.50%,51.20%,48.10%,50.90%,48.60%,47.70%,48.10%,49.80%,50.90%,50.30%,49.50%,50.60%,52.00%,49.80%,49.70%,50.10%,49.50%,50.10%,52.00%,49.80%,49.30%,49.90%,49.30%,49.70%,49.70%,50.30%,49.20%,51.90%,50.70%
65 years and over,"138,700","99,293","112,463","10,890","12,324","7,757","8,269","5,001","17,779","14,293","12,460","11,471","26,094","20,648","112,606","91,948","94,113","10,506","11,125","7,619","7,983","13,170","12,778","81,013","64,705","71,011","4,368","7,523","6,411","4,484","4,449","9,309","6,425","71,704","62,867","64,259","4,333","6,306","5,397"
Male,45.90%,46.70%,46.60%,42.30%,41.60%,45.50%,44.20%,43.40%,46.10%,46.10%,46.90%,46.00%,44.90%,47.10%,46.10%,46.50%,46.50%,43.20%,41.90%,44.50%,44.00%,45.70%,47.20%,44.40%,45.20%,44.50%,44.70%,39.50%,36.30%,35.20%,35.50%,42.50%,38.00%,44.70%,45.10%,44.70%,44.20%,36.90%,36.50%
Female,54.10%,53.30%,53.40%,57.70%,58.40%,54.50%,55.80%,56.60%,53.90%,53.90%,53.10%,54.00%,55.10%,52.90%,53.90%,53.50%,53.50%,56.80%,58.10%,55.50%,56.00%,54.30%,52.80%,55.60%,54.80%,55.50%,55.30%,60.50%,63.70%,64.80%,64.50%,57.50%,62.00%,55.30%,54.90%,55.30%,55.80%,63.10%,63.50%
RELATIONSHIP,,,,,,,,,,,,,,,,,,,,,,,,,,,,,,,,,,,,,,,
Population in households,"1,277,340","703,003","934,565","97,576","118,717","98,735","119,776","118,344","321,441","243,567","197,612","188,087","428,572","309,087","848,768","600,201","647,204","94,626","109,692","95,098","112,777","231,562","203,097","639,446","385,731","487,840","65,650","128,438","106,267","75,169","72,868","162,234","128,412","477,212","349,178","375,868","64,238","102,109","80,977"
Householder or spouse,62.70%,69.00%,65.10%,59.20%,57.60%,65.00%,61.50%,47.70%,51.90%,53.50%,53.90%,53.80%,51.50%,50.40%,68.40%,71.60%,70.30%,58.90%,57.60%,66.30%,63.20%,53.30%,54.40%,59.70%,65.10%,61.10%,58.80%,48.10%,45.80%,49.20%,49.50%,47.60%,46.50%,63.80%,66.80%,65.00%,59.20%,46.00%,48.60%
Unmarried partner,4.30%,4.10%,4.20%,4.00%,4.40%,2.90%,3.50%,5.80%,4.90%,4.70%,4.50%,4.30%,4.30%,3.90%,4.20%,4.30%,4.40%,4.00%,4.30%,3.10%,3.70%,4.60%,4.40%,2.60%,2.20%,2.40%,1.20%,4.60%,3.10%,3.70%,3.50%,4.00%,3.90%,2.10%,2.10%,2.10%,1.20%,2.90%,3.50%
Child,24.30%,20.40%,23.30%,27.20%,28.60%,22.10%,26.10%,31.50%,30.20%,31.10%,29.50%,30.30%,31.90%,34.00%,20.40%,17.90%,19.20%,27.60%,29.00%,21.10%,24.80%,31.80%,29.40%,30.40%,27.90%,30.40%,34.60%,34.80%,40.00%,36.20%,36.00%,37.20%,39.20%,28.10%,26.30%,27.50%,34.00%,39.70%,36.60%
Other relatives,5.00%,3.00%,4.30%,5.10%,5.20%,5.90%,5.40%,7.40%,8.80%,8.60%,9.80%,9.30%,8.60%,7.90%,3.30%,2.70%,2.70%,5.00%,5.10%,5.70%,4.80%,8.30%,9.60%,5.50%,3.30%,4.50%,4.40%,10.40%,9.10%,9.80%,10.00%,9.10%,9.10%,4.20%,3.20%,3.60%,4.50%,9.30%,10.10%
Other nonrelatives,3.70%,3.50%,3.10%,4.50%,4.30%,4.00%,3.50%,7.60%,4.20%,2.10%,2.30%,2.20%,3.70%,3.80%,3.70%,3.50%,3.40%,4.40%,4.00%,3.80%,3.40%,2.00%,2.30%,1.80%,1.50%,1.60%,1.00%,2.00%,2.00%,1.20%,1.00%,2.10%,1.40%,1.70%,1.60%,1.70%,1.00%,1.90%,1.10%
HOUSEHOLDS BY TYPE,,,,,,,,,,,,,,,,,,,,,,,,,,,,,,,,,,,,,,,
Households,"567,627","344,594","428,906","45,834","53,858","42,509","49,593","39,132","113,246","90,105","71,439","67,170","152,345","105,188","415,282","304,459","323,577","44,216","50,314","41,811","47,948","84,312","74,114","241,836","163,178","190,046","21,755","36,196","27,881","20,420","20,035","47,232","36,201","194,604","151,748","158,053","21,382","26,868","22,016"
Family households,53.50%,51.80%,53.70%,37.20%,39.50%,60.40%,58.60%,62.70%,63.20%,60.50%,63.60%,65.30%,61.00%,64.00%,50.70%,51.60%,51.60%,36.40%,36.90%,60.80%,59.40%,61.20%,63.40%,70.90%,68.40%,70.10%,82.40%,76.70%,78.50%,81.20%,81.90%,75.30%,79.20%,69.80%,68.20%,68.50%,82.10%,80.00%,82.10%
With own children of the householder under 18 years,22.90%,21.30%,22.20%,18.90%,17.50%,30.40%,28.50%,31.70%,28.20%,24.70%,27.10%,28.50%,27.70%,28.80%,21.10%,20.30%,20.30%,18.50%,17.50%,30.60%,29.10%,25.80%,26.40%,36.30%,31.30%,33.20%,59.90%,44.80%,43.50%,44.50%,45.30%,45.10%,49.60%,34.20%,30.10%,30.60%,60.40%,45.20%,45.20%
Married-couple family,41.50%,42.40%,42.80%,23.10%,25.60%,49.70%,48.30%,42.50%,44.10%,43.40%,45.00%,46.90%,41.70%,42.80%,41.40%,42.90%,42.90%,22.70%,23.30%,50.50%,49.50%,44.40%,45.00%,57.90%,58.30%,58.40%,74.60%,57.10%,57.10%,61.50%,62.00%,53.00%,55.80%,59.10%,59.20%,59.10%,74.80%,58.70%,61.60%
With own children of the householder under 18 years,17.80%,17.10%,17.40%,12.10%,10.80%,27.80%,25.50%,21.50%,19.90%,17.60%,19.40%,20.70%,19.30%,20.00%,17.20%,16.50%,16.60%,12.00%,11.00%,28.20%,26.10%,18.80%,19.00%,29.40%,26.00%,27.00%,56.00%,34.70%,31.30%,31.80%,32.40%,32.40%,35.60%,28.70%,25.90%,26.20%,56.50%,32.50%,33.20%
"Female householder, no spouse present, family",8.70%,6.90%,8.00%,11.20%,10.60%,7.70%,7.70%,12.00%,13.00%,12.50%,13.90%,14.40%,13.80%,15.60%,6.80%,6.30%,6.30%,10.70%,10.10%,7.20%,7.20%,12.70%,13.50%,8.90%,7.30%,8.10%,6.90%,11.90%,13.30%,11.00%,11.00%,13.10%,14.40%,7.90%,6.60%,7.00%,6.50%,12.90%,11.10%
With own children of the householder under 18 years,4.10%,3.30%,3.90%,6.10%,6.10%,2.40%,2.90%,6.50%,6.30%,6.10%,6.50%,6.60%,7.00%,7.80%,3.10%,2.70%,2.80%,5.80%,5.80%,2.20%,2.80%,6.00%,6.20%,4.70%,3.80%,4.40%,3.30%,5.60%,7.80%,7.30%,7.50%,7.40%,8.60%,4.00%,3.20%,3.40%,3.40%,8.10%,7.00%
Nonfamily households,46.50%,48.20%,46.30%,62.80%,60.50%,39.60%,41.40%,37.30%,36.80%,39.50%,36.40%,34.70%,39.00%,36.00%,49.30%,48.40%,48.40%,63.60%,63.10%,39.20%,40.60%,38.80%,36.60%,29.10%,31.60%,29.90%,17.60%,23.30%,21.50%,18.80%,18.10%,24.70%,20.80%,30.20%,31.80%,31.50%,17.90%,20.00%,17.90%
Male householder,23.70%,24.80%,24.00%,29.30%,27.30%,21.40%,23.30%,16.80%,17.00%,20.30%,17.20%,17.20%,18.80%,17.20%,25.50%,25.30%,25.50%,29.70%,28.40%,21.60%,22.80%,20.80%,17.10%,13.90%,14.30%,13.90%,9.90%,12.80%,12.30%,8.70%,8.90%,14.60%,12.00%,13.80%,13.90%,13.90%,10.10%,11.10%,8.60%
Living alone,17.90%,18.00%,17.40%,24.80%,22.90%,17.60%,18.50%,14.80%,13.30%,14.70%,12.40%,12.10%,14.30%,13.20%,19.20%,18.60%,18.50%,25.10%,23.60%,17.70%,17.80%,14.80%,12.50%,10.10%,10.30%,10.00%,5.90%,8.40%,9.20%,8.00%,8.10%,9.20%,8.50%,10.30%,10.00%,9.90%,6.00%,8.00%,7.90%
Not living alone,5.80%,6.70%,6.60%,4.40%,4.50%,3.80%,4.80%,2.00%,3.70%,5.60%,4.80%,5.10%,4.50%,4.00%,6.30%,6.80%,6.90%,4.60%,4.80%,3.90%,5.00%,6.00%,4.60%,3.90%,4.00%,3.90%,4.00%,4.40%,3.10%,0.80%,0.80%,5.40%,3.50%,3.50%,3.90%,4.00%,4.00%,3.20%,0.70%
Female householder,22.80%,23.40%,22.30%,33.50%,33.10%,18.20%,18.10%,20.40%,19.80%,19.20%,19.20%,17.50%,20.20%,18.80%,23.80%,23.10%,22.90%,34.00%,34.70%,17.60%,17.80%,18.00%,19.50%,15.20%,17.30%,16.10%,7.70%,10.60%,9.20%,10.10%,9.20%,10.10%,8.90%,16.40%,17.90%,17.60%,7.80%,8.80%,9.30%
Living alone,16.20%,17.20%,16.00%,26.90%,27.20%,10.00%,10.40%,10.00%,12.00%,12.70%,12.90%,10.80%,12.60%,12.80%,17.50%,17.20%,16.80%,27.10%,28.40%,10.20%,10.70%,11.10%,13.10%,12.70%,14.30%,13.40%,5.80%,9.30%,8.20%,8.90%,8.00%,8.70%,7.50%,13.70%,14.90%,14.70%,5.90%,7.80%,8.30%
Not living alone,6.60%,6.20%,6.30%,6.70%,5.90%,8.10%,7.70%,10.40%,7.80%,6.50%,6.30%,6.70%,7.60%,6.00%,6.30%,5.90%,6.10%,6.90%,6.40%,7.40%,7.10%,6.90%,6.40%,2.50%,2.90%,2.70%,1.90%,1.20%,1.00%,1.20%,1.20%,1.40%,1.40%,2.70%,3.00%,2.90%,1.90%,1.00%,1.10%
Average household size,2.25,2.14,2.22,2.04,1.99,2.33,2.29,2.8,2.64,2.48,2.58,2.64,2.6,2.66,2.12,2.1,2.11,2.03,1.98,2.32,2.3,2.53,2.56,2.64,2.54,2.61,2.84,3,2.98,3,3.04,2.93,3.05,2.58,2.53,2.55,2.84,3.03,3.02
Average family size,3,2.86,2.93,3.51,3.22,2.9,2.87,3.44,3.27,3.14,3.21,3.23,3.3,3.31,2.87,2.79,2.8,3.52,3.34,2.89,2.86,3.18,3.18,3.16,3.08,3.13,3.14,3.45,3.34,3.35,3.36,3.37,3.42,3.1,3.08,3.09,3.15,3.36,3.35
MARITAL STATUS,,,,,,,,,,,,,,,,,,,,,,,,,,,,,,,,,,,,,,,
Population 15 years and over,"1,080,398","612,095","795,177","85,471","101,192","84,633","98,459","90,868","256,673","193,906","160,549","151,727","335,332","241,804","745,066","536,302","570,208","83,074","93,325","82,461","93,994","183,082","165,805","513,179","316,998","393,711","49,327","99,725","79,668","58,682","57,125","122,922","95,546","390,257","292,249","310,522","48,410","76,713","62,722"
"Now married, except separated",46.20%,48.40%,48.00%,27.90%,29.30%,55.60%,53.60%,41.50%,45.10%,45.60%,47.00%,48.50%,43.70%,43.10%,47.20%,49.30%,49.10%,27.60%,27.80%,55.80%,54.30%,46.50%,47.10%,57.90%,59.90%,58.30%,72.00%,52.10%,51.10%,55.20%,55.60%,49.90%,51.60%,60.40%,60.70%,59.90%,72.30%,51.90%,54.80%
Widowed,2.90%,3.50%,3.20%,3.30%,3.00%,2.10%,1.90%,1.40%,1.90%,2.10%,2.20%,2.40%,1.90%,2.00%,3.40%,3.80%,3.60%,3.20%,3.00%,2.10%,2.00%,2.20%,2.20%,3.80%,4.50%,4.00%,2.40%,2.80%,1.90%,1.30%,1.30%,2.80%,2.30%,4.10%,4.70%,4.50%,2.40%,1.90%,2.10%
Divorced,10.50%,10.90%,9.90%,16.70%,15.50%,5.80%,6.10%,11.80%,8.60%,7.00%,6.70%,6.40%,9.10%,8.70%,11.20%,11.50%,11.20%,16.90%,16.10%,5.70%,5.70%,6.60%,6.80%,9.30%,10.30%,9.90%,2.80%,8.90%,8.60%,8.20%,8.00%,8.60%,8.70%,9.50%,10.30%,10.30%,2.60%,8.50%,8.40%
Separated,1.40%,1.00%,1.30%,0.60%,0.80%,0.70%,0.80%,2.90%,3.00%,2.70%,3.00%,2.90%,2.70%,1.90%,0.80%,0.80%,0.80%,0.60%,0.60%,0.80%,0.90%,2.60%,3.10%,1.40%,0.80%,1.10%,0.40%,2.30%,2.60%,2.80%,2.80%,2.80%,2.00%,0.90%,0.70%,0.70%,0.40%,2.60%,2.70%
Never married,39.00%,36.10%,37.50%,51.50%,51.50%,35.80%,37.70%,42.50%,41.40%,42.70%,41.00%,39.80%,42.60%,44.30%,37.40%,34.60%,35.30%,51.70%,52.60%,35.60%,37.20%,42.10%,40.80%,27.60%,24.60%,26.60%,22.40%,34.00%,35.80%,32.50%,32.20%,35.80%,35.50%,25.10%,23.60%,24.60%,22.30%,35.10%,32.10%
Male 15 years and over,"546,819","309,850","402,937","41,853","49,422","41,779","49,612","46,830","129,929","98,083","79,528","75,556","171,632","119,972","375,187","272,450","288,894","41,055","45,302","40,900","47,104","93,087","83,099","253,356","155,812","193,873","24,256","48,844","39,791","28,735","28,154","60,841","47,011","192,515","143,822","152,501","23,868","38,061","30,552"
"Now married, except separated",47.60%,50.30%,49.60%,29.40%,31.30%,57.30%,54.90%,41.20%,46.00%,46.80%,48.70%,49.70%,45.30%,43.20%,48.60%,50.60%,50.20%,29.20%,29.60%,56.90%,55.70%,47.10%,48.70%,59.30%,62.40%,60.20%,N,50.50%,49.60%,54.40%,54.80%,49.20%,49.60%,62.50%,63.30%,62.10%,N,50.80%,54.20%
Widowed,0.90%,1.20%,1.10%,1.10%,1.00%,0.30%,0.30%,0.40%,0.50%,0.60%,0.50%,0.50%,0.50%,0.60%,1.20%,1.30%,1.30%,1.20%,1.10%,0.30%,0.30%,0.60%,0.50%,2.10%,2.80%,2.30%,N,0.60%,0.20%,0.30%,0.30%,0.90%,0.50%,2.50%,2.90%,2.70%,N,0.30%,0.30%
Divorced,9.90%,9.40%,9.00%,17.60%,16.00%,5.10%,5.80%,11.80%,9.00%,7.40%,7.30%,7.50%,9.20%,9.10%,10.20%,9.90%,9.80%,17.70%,17.30%,5.20%,5.40%,7.60%,7.40%,7.10%,7.70%,7.40%,N,7.50%,6.00%,6.00%,6.20%,7.50%,8.20%,6.90%,7.40%,7.10%,N,6.10%,6.70%
Separated,1.00%,0.70%,0.80%,1.00%,1.40%,0.00%,0.00%,3.50%,2.20%,1.30%,1.60%,1.30%,1.90%,1.00%,0.60%,0.70%,0.60%,1.00%,0.90%,0.00%,0.00%,1.10%,1.50%,1.10%,0.60%,0.90%,N,2.20%,2.10%,2.10%,2.10%,1.90%,1.30%,0.90%,0.60%,0.70%,N,2.20%,2.10%
Never married,40.60%,38.40%,39.60%,50.90%,50.40%,37.30%,39.00%,43.00%,42.30%,43.90%,42.00%,41.00%,43.10%,46.20%,39.50%,37.50%,38.00%,50.90%,51.20%,37.50%,38.60%,43.60%,41.80%,30.40%,26.50%,29.30%,N,39.20%,42.00%,37.20%,36.60%,40.40%,40.50%,27.20%,25.90%,27.30%,N,40.60%,36.70%
Female 15 years and over,"533,579","302,245","392,240","43,618","51,770","42,854","48,847","44,038","126,744","95,823","81,021","76,171","163,700","121,832","369,879","263,852","281,314","42,019","48,023","41,561","46,890","89,995","82,706","259,823","161,186","199,838","25,071","50,881","39,877","29,947","28,971","62,081","48,535","197,742","148,427","158,021","24,542","38,652","32,170"
"Now married, except separated",44.70%,46.50%,46.40%,26.50%,27.40%,53.80%,52.20%,41.70%,44.10%,44.30%,45.30%,47.30%,42.10%,43.00%,45.90%,47.90%,47.80%,26.10%,26.10%,54.70%,53.00%,45.90%,45.40%,56.50%,57.40%,56.50%,69.30%,53.50%,52.50%,56.00%,56.50%,50.70%,53.50%,58.40%,58.20%,57.70%,69.60%,53.00%,55.30%
Widowed,5.00%,5.90%,5.40%,5.40%,4.80%,3.80%,3.50%,2.40%,3.40%,3.60%,4.00%,4.20%,3.40%,3.40%,5.70%,6.30%,6.00%,5.10%,4.80%,3.90%,3.60%,3.80%,3.90%,5.40%,6.10%,5.60%,4.30%,4.90%,3.60%,2.30%,2.30%,4.70%,4.00%,5.70%,6.50%,6.20%,4.40%,3.50%,3.70%
Divorced,11.20%,12.60%,11.00%,15.80%,15.00%,6.50%,6.30%,11.80%,8.20%,6.50%,6.10%,5.40%,9.00%,8.40%,12.20%,13.20%,12.60%,16.00%,15.00%,6.20%,6.00%,5.60%,6.30%,11.50%,12.80%,12.40%,4.70%,10.20%,11.20%,10.20%,9.80%,9.70%,9.10%,12.00%,13.10%,13.30%,4.30%,10.80%,10.00%
Separated,1.70%,1.20%,1.90%,0.20%,0.20%,1.50%,1.60%,2.20%,3.80%,4.20%,4.40%,4.40%,3.40%,2.90%,1.00%,0.90%,1.10%,0.20%,0.20%,1.50%,1.70%,4.10%,4.60%,1.60%,0.90%,1.30%,0.80%,2.40%,3.10%,3.50%,3.60%,3.60%,2.60%,1.00%,0.70%,0.70%,0.80%,3.00%,3.20%
Never married,37.30%,33.90%,35.40%,52.20%,52.70%,34.40%,36.30%,42.00%,40.60%,41.40%,40.10%,38.70%,42.10%,42.40%,35.20%,31.70%,32.50%,52.50%,53.90%,33.60%,35.70%,40.50%,39.80%,25.00%,22.80%,24.10%,20.80%,28.90%,29.50%,28.00%,27.80%,31.40%,30.70%,22.90%,21.50%,22.00%,20.80%,29.70%,27.80%
SCHOOL ENROLLMENT,,,,,,,,,,,,,,,,,,,,,,,,,,,,,,,,,,,,,,,
Population 3 years and over enrolled in school,"312,499","148,278","218,227","26,929","34,076","26,296","34,273","34,851","92,091","71,750","55,030","53,229","127,659","96,294","184,840","116,276","130,894","26,353","31,008","25,065","31,165","69,949","57,240","160,495","88,288","120,006","19,898","35,507","32,468","20,868","20,485","47,117","38,285","113,378","75,963","85,894","19,282","31,718","22,773"
"Nursery school, preschool",5.40%,5.60%,5.10%,5.50%,4.70%,5.30%,5.00%,8.80%,5.80%,3.90%,4.10%,4.20%,4.60%,4.50%,6.00%,5.40%,5.50%,4.60%,4.30%,5.50%,5.50%,4.00%,4.00%,5.10%,6.00%,5.40%,5.70%,3.40%,3.70%,2.30%,2.40%,3.40%,2.90%,5.80%,6.20%,6.10%,5.90%,3.70%,3.20%
Kindergarten,5.00%,3.70%,4.40%,1.70%,2.90%,6.10%,6.80%,9.30%,7.30%,6.40%,6.40%,5.80%,6.90%,6.90%,3.70%,3.10%,3.70%,1.70%,2.50%,5.80%,6.30%,5.90%,6.10%,6.50%,7.10%,6.70%,6.10%,4.60%,5.70%,4.80%,4.60%,5.50%,5.80%,6.90%,6.70%,6.90%,5.90%,5.60%,5.40%
Elementary school (grades 1-8),37.50%,39.20%,39.10%,40.80%,38.80%,27.80%,31.20%,35.40%,36.30%,38.10%,37.50%,38.60%,38.20%,36.30%,37.00%,37.90%,38.50%,41.70%,40.70%,27.20%,30.80%,39.00%,36.90%,46.10%,45.00%,45.60%,46.10%,50.50%,47.30%,49.50%,49.40%,51.40%,53.40%,43.90%,43.10%,43.10%,47.20%,47.50%,48.90%
High school (grades 9-12),21.20%,17.90%,22.00%,19.90%,22.60%,16.60%,18.70%,20.60%,27.00%,30.50%,31.40%,31.60%,25.30%,26.80%,18.30%,17.90%,18.70%,20.10%,23.50%,15.80%,16.80%,30.60%,30.90%,21.70%,21.40%,22.80%,19.60%,24.80%,26.50%,27.50%,28.00%,24.40%,24.60%,20.60%,21.60%,21.40%,19.10%,26.70%,27.90%
College or graduate school,30.90%,33.60%,29.40%,32.10%,31.10%,44.20%,38.20%,25.90%,23.50%,21.10%,20.50%,19.80%,25.00%,25.50%,35.00%,35.60%,33.70%,31.80%,29.10%,45.70%,40.60%,20.60%,22.00%,20.60%,20.50%,19.50%,22.50%,16.70%,16.80%,15.90%,15.70%,15.30%,13.30%,22.80%,22.40%,22.50%,21.90%,16.50%,14.60%
Male 3 years and over enrolled in school,"159,647","72,541","107,040","13,739","16,966","14,034","18,925","20,599","48,717","35,404","26,577","25,672","66,497","51,310","93,150","58,464","65,796","13,163","14,943","13,252","16,787","34,499","28,118","79,387","44,959","61,159","9,990","16,201","16,663","10,952","10,753","22,499","18,110","56,888","38,693","43,587","9,638","16,200","11,988"
Percent enrolled in kindergarten to grade 12,63.80%,62.30%,66.80%,60.00%,62.90%,47.90%,54.60%,64.80%,70.50%,76.00%,76.40%,76.80%,68.40%,68.20%,60.60%,61.70%,63.80%,62.10%,66.60%,44.90%,50.40%,76.30%,74.70%,76.70%,74.10%,76.30%,74.90%,87.10%,82.50%,90.20%,90.00%,85.70%,88.90%,73.20%,71.60%,71.10%,75.80%,82.60%,89.00%
Percent enrolled in college or graduate school,30.20%,32.40%,28.60%,29.30%,28.40%,45.40%,39.00%,24.40%,23.20%,20.90%,20.70%,20.20%,26.70%,27.50%,32.60%,32.50%,30.50%,28.60%,25.20%,48.10%,42.40%,20.60%,22.40%,18.80%,20.60%,18.20%,20.90%,9.40%,11.80%,6.90%,7.00%,11.20%,9.40%,21.80%,22.70%,22.90%,19.80%,11.50%,6.30%
Female 3 years and over enrolled in school,"152,852","75,737","111,187","13,190","17,110","12,262","15,348","14,252","43,374","36,346","28,453","27,557","61,162","44,984","91,690","57,812","65,098","13,190","16,065","11,813","14,378","35,450","29,122","81,108","43,329","58,847","9,908","19,306","15,805","9,916","9,732","24,618","20,175","56,490","37,270","42,307","9,644","15,518","10,785"
Percent enrolled in kindergarten to grade 12,63.60%,59.40%,64.30%,65.00%,65.60%,53.40%,59.40%,66.00%,70.90%,74.10%,74.40%,75.10%,72.60%,72.00%,57.50%,56.10%,57.90%,65.00%,66.70%,53.20%,58.00%,74.70%,73.30%,71.90%,72.80%,73.90%,68.60%,73.90%,76.30%,72.50%,73.10%,77.40%,79.00%,69.60%,71.10%,71.70%,68.60%,76.80%,74.80%
Percent enrolled in college or graduate school,31.60%,34.80%,30.20%,35.00%,33.70%,42.90%,37.20%,28.20%,23.70%,21.30%,20.40%,19.40%,23.10%,23.30%,37.40%,38.80%,36.80%,35.00%,32.60%,43.00%,38.40%,20.60%,21.50%,22.30%,20.40%,20.80%,24.20%,22.80%,22.00%,25.90%,25.30%,18.90%,16.90%,23.80%,22.00%,22.10%,24.00%,21.70%,23.80%
EDUCATIONAL ATTAINMENT,,,,,,,,,,,,,,,,,,,,,,,,,,,,,,,,,,,,,,,
Population 25 years and over,"919,819","539,622","683,882","71,380","83,712","71,961","82,201","72,582","204,396","153,854","127,915","120,323","266,727","190,195","653,092","476,463","504,720","69,264","77,680","70,592","79,542","144,260","131,814","434,704","273,786","333,153","42,463","80,546","61,894","46,752","45,269","96,459","74,935","338,245","255,254","269,075","41,936","59,367","49,887"
Less than high school diploma,7.50%,3.60%,5.70%,6.60%,6.10%,7.70%,6.80%,23.40%,18.10%,13.30%,15.50%,16.10%,18.10%,19.40%,3.20%,2.00%,2.00%,6.80%,6.60%,7.70%,6.80%,13.90%,15.10%,6.30%,3.40%,4.50%,3.40%,18.70%,9.20%,10.80%,11.20%,19.10%,20.80%,2.70%,2.70%,2.70%,3.40%,9.60%,10.30%
High school graduate (includes equivalency),15.90%,12.20%,14.00%,22.90%,21.30%,8.10%,8.00%,33.30%,26.90%,21.40%,23.90%,23.00%,26.60%,27.90%,11.60%,10.60%,10.50%,23.00%,21.30%,8.10%,8.00%,20.70%,23.30%,18.00%,17.20%,18.30%,7.50%,25.60%,22.90%,23.10%,23.50%,26.30%,25.90%,15.70%,16.50%,16.40%,7.40%,23.30%,24.50%
Some college or associate's degree,20.80%,20.10%,20.30%,30.50%,29.50%,11.50%,13.40%,22.80%,20.20%,20.90%,18.40%,19.30%,23.70%,24.10%,19.70%,19.40%,19.40%,30.30%,29.80%,11.00%,12.60%,21.00%,18.80%,27.50%,28.60%,28.90%,11.80%,26.60%,30.40%,30.60%,30.30%,26.60%,27.10%,27.80%,28.80%,29.10%,11.10%,30.10%,29.50%
Bachelor's degree,35.20%,41.60%,38.90%,27.10%,29.90%,31.50%,32.50%,14.20%,23.20%,29.10%,27.80%,26.70%,21.60%,19.70%,40.70%,43.80%,43.90%,26.70%,29.30%,31.90%,32.90%,28.60%,28.10%,31.10%,34.00%,32.50%,39.30%,20.30%,25.90%,24.40%,24.60%,20.10%,19.60%,34.20%,34.60%,34.30%,39.80%,25.80%,25.20%
Graduate or professional degree,20.50%,22.50%,21.10%,13.00%,13.20%,41.10%,39.40%,6.20%,11.70%,15.30%,14.30%,14.90%,10.10%,9.00%,24.80%,24.10%,24.00%,13.20%,13.10%,41.20%,39.60%,15.70%,14.70%,17.10%,16.80%,15.80%,38.00%,8.80%,11.60%,11.00%,10.40%,7.90%,6.60%,19.70%,17.50%,17.40%,38.20%,11.20%,10.50%
High school graduate or higher,92.50%,96.40%,94.30%,93.40%,93.90%,92.30%,93.20%,76.60%,81.90%,86.70%,84.50%,83.90%,81.90%,80.60%,96.80%,98.00%,98.00%,93.20%,93.40%,92.30%,93.20%,86.10%,84.90%,93.70%,96.60%,95.50%,96.60%,81.30%,90.80%,89.20%,88.80%,80.90%,79.20%,97.30%,97.30%,97.30%,96.60%,90.40%,89.70%
"Male, high school graduate or higher",91.70%,95.60%,93.00%,92.40%,93.50%,94.10%,94.90%,76.80%,79.40%,83.80%,80.20%,79.80%,79.70%,78.60%,96.70%,97.50%,97.70%,92.30%,93.10%,94.10%,94.80%,83.30%,80.80%,93.70%,96.50%,95.50%,98.20%,80.50%,91.30%,90.40%,90.10%,80.90%,78.20%,97.40%,97.30%,97.20%,98.20%,90.90%,90.70%
"Female, high school graduate or higher",93.30%,97.40%,95.60%,94.40%,94.30%,90.50%,91.50%,76.30%,84.50%,89.60%,88.70%,88.00%,84.30%,82.60%,96.90%,98.40%,98.20%,94.20%,93.80%,90.50%,91.50%,89.00%,89.00%,93.60%,96.70%,95.50%,95.00%,81.90%,90.40%,88.20%,87.70%,81.00%,80.10%,97.20%,97.30%,97.30%,95.00%,90.10%,88.90%
Bachelor's degree or higher,55.70%,64.10%,59.90%,40.10%,43.10%,72.70%,71.80%,20.40%,34.90%,44.40%,42.10%,41.60%,31.60%,28.70%,65.50%,67.90%,68.00%,40.00%,42.40%,73.10%,72.50%,44.30%,42.90%,48.10%,50.80%,48.30%,77.30%,29.10%,37.50%,35.40%,35.00%,28.00%,26.20%,53.90%,52.10%,51.70%,78.00%,37.00%,35.70%
"Male, bachelor's degree or higher",55.40%,62.60%,59.10%,39.60%,44.50%,76.40%,75.40%,21.50%,35.90%,46.30%,43.00%,42.10%,31.30%,27.30%,65.40%,67.20%,67.50%,39.60%,42.20%,76.40%,76.10%,46.10%,44.00%,48.10%,49.90%,47.70%,81.50%,28.50%,37.40%,32.60%,32.70%,27.60%,26.60%,54.00%,51.10%,51.20%,81.90%,37.10%,33.90%
"Female, bachelor's degree or higher",56.00%,65.70%,60.80%,40.60%,41.70%,69.10%,68.30%,19.40%,33.80%,42.50%,41.30%,41.10%,32.00%,30.00%,65.70%,68.80%,68.50%,40.30%,42.60%,69.90%,68.90%,42.50%,41.70%,48.10%,51.60%,48.90%,73.30%,29.60%,37.60%,37.80%,37.00%,28.40%,25.90%,53.70%,53.00%,52.20%,74.30%,36.90%,37.30%
FERTILITY,,,,,,,,,,,,,,,,,,,,,,,,,,,,,,,,,,,,,,,
Women 15 to 50 years,"359,979","190,642","258,373","27,879","34,663","31,933","36,830","33,814","95,618","72,272","60,589","56,776","122,893","90,525","237,086","161,406","175,134","27,058","32,116","30,711","35,092","67,731","61,804","163,448","92,619","119,252","19,337","35,941","27,325","20,229","19,589","45,929","36,013","117,519","82,131","88,405","18,936","26,633","21,664"
Women 15 to 50 years who had a birth in the past 12 months,"17,252","9,705","12,254",N,475,"2,236","2,608","1,595","3,870","2,779","2,151","2,151","6,450","4,390","10,802","7,903","8,194",N,475,"2,127","2,499","2,549","2,275","10,998","6,270","7,705",688,"3,426","1,435","1,313","1,313","3,935","3,244","7,063","5,518","5,640",688,"1,435","1,313"
Unmarried women 15 to 50 years who had a birth in the past 12 months,"2,660","1,178","1,690",N,475,N,N,N,N,742,N,N,"1,251",N,"1,409",521,653,N,475,N,N,N,N,"2,936",986,"1,972",N,"1,705",986,876,876,"1,791","1,394","1,145",900,"1,010",N,986,876
As a percent of all women with a birth in the past 12 months,15.40%,12.10%,13.80%,100.00%,100.00%,N,24.70%,N,N,26.70%,N,N,19.40%,N,13.00%,6.60%,8.00%,100.00%,100.00%,N,25.70%,N,N,26.70%,15.70%,25.60%,N,49.80%,68.70%,66.70%,66.70%,45.50%,43.00%,16.20%,16.30%,17.90%,N,68.70%,66.70%
RESPONSIBILITY FOR GRANDCHILDREN UNDER 18 YEARS,,,,,,,,,,,,,,,,,,,,,,,,,,,,,,,,,,,,,,,
Population 30 years and over,"798,194","475,492","600,916","60,703","70,684","61,248","69,519","58,673","174,680","132,860","112,727","107,237","227,359","160,232","570,835","420,628","444,303","58,869","65,823","60,032","67,166","125,424","116,007","393,616","251,654","302,976","38,716","70,731","53,624","41,318","39,960","83,926","64,669","309,690","235,669","247,270","38,289","51,322","44,164"
Grandparents living with grandchild(ren),1.50%,1.10%,1.50%,N,N,1.50%,1.30%,2.50%,3.00%,2.90%,3.30%,3.50%,2.70%,2.60%,1.10%,1.10%,1.00%,N,0.90%,1.50%,1.30%,3.10%,3.20%,3.10%,2.10%,2.70%,2.50%,5.80%,5.40%,5.90%,6.10%,6.00%,6.40%,2.30%,1.80%,1.90%,2.50%,5.50%,5.50%
Grandparents responsible for grandchildren as a percentage of living with grandchildren,34.00%,33.90%,38.20%,41.20%,41.20%,N,N,N,37.70%,43.80%,41.60%,41.60%,37.70%,48.60%,30.30%,31.30%,33.60%,41.20%,41.20%,N,N,43.80%,41.60%,43.00%,59.20%,47.40%,N,34.20%,27.10%,28.90%,28.90%,44.90%,42.80%,41.70%,52.70%,48.70%,N,25.20%,28.90%
VETERAN STATUS,,,,,,,,,,,,,,,,,,,,,,,,,,,,,,,,,,,,,,,
Civilian population 18 years and over,"1,034,090","591,938","761,613","81,605","96,497","81,407","93,828","86,423","240,230","180,000","148,891","140,568","314,494","225,090","719,596","519,486","551,538","79,208","88,976","79,658","90,343","169,675","153,807","484,625","301,357","370,779","46,403","92,530","72,239","53,628","52,071","114,055","87,633","370,570","278,305","295,068","45,700","69,422","57,001"
Civilian veteran,4.90%,5.00%,4.70%,11.00%,10.50%,1.50%,1.50%,3.40%,3.80%,4.00%,3.80%,3.50%,4.10%,4.20%,5.20%,4.80%,4.90%,11.00%,10.10%,1.50%,1.50%,3.90%,4.10%,8.00%,10.40%,9.20%,0.70%,4.00%,4.50%,4.40%,4.20%,3.90%,3.70%,9.30%,10.90%,10.40%,0.50%,4.40%,5.00%
DISABILITY STATUS,,,,,,,,,,,,,,,,,,,,,,,,,,,,,,,,,,,,,,,
Total civilian noninstitutionalized population,"1,295,885","712,417","947,639","101,079","122,853","100,325","121,448","118,672","325,184","247,227","200,432","190,907","433,316","313,023","862,569","608,430","655,731","98,129","113,289","96,688","114,449","235,222","206,512","640,777","386,832","489,010","65,806","128,401","106,336","75,223","72,922","162,288","128,372","478,489","350,279","376,984","64,394","102,178","81,031"
With a disability,9.00%,9.10%,8.60%,16.70%,15.50%,4.00%,4.30%,10.10%,7.90%,7.30%,6.80%,6.80%,7.90%,8.50%,9.50%,9.40%,9.40%,16.40%,15.40%,4.00%,4.30%,7.30%,6.70%,10.00%,11.60%,10.70%,5.20%,6.80%,7.30%,5.60%,5.40%,6.60%,5.90%,11.20%,12.10%,12.00%,5.30%,7.30%,6.50%
Civilian noninstitutionalized population under 18 years,"269,228","124,338","191,419","21,229","28,240","18,918","27,620","32,356","86,466","68,761","52,946","51,744","120,437","89,283","148,791","92,700","108,078","20,676","26,197","17,030","24,106","67,081","54,110","157,552","85,926","119,077","19,403","36,475","34,492","21,931","21,187","48,837","41,075","108,715","72,425","82,426","18,694","33,151","24,366"
With a disability,3.90%,3.60%,3.60%,7.50%,6.80%,2.60%,2.30%,4.40%,3.40%,3.50%,3.00%,3.00%,3.60%,4.30%,4.10%,4.10%,3.90%,6.50%,6.30%,2.90%,2.50%,3.60%,2.90%,3.70%,4.00%,3.70%,3.10%,3.20%,3.10%,3.10%,2.60%,2.50%,2.60%,4.30%,4.70%,4.60%,3.30%,2.80%,2.90%
Civilian noninstitutionalized population 18 to 64 years,"890,397","490,736","645,806","69,285","82,614","73,650","85,559","81,381","221,104","164,272","135,125","127,791","287,053","203,353","603,344","425,629","455,387","67,272","76,292","72,039","82,360","155,070","139,723","402,769","236,389","299,110","42,035","84,671","65,433","48,808","47,286","104,410","80,872","298,359","215,175","230,487","41,367","62,721","51,268"
With a disability,7.60%,7.10%,7.00%,16.00%,15.20%,3.20%,3.90%,9.80%,7.60%,7.00%,6.40%,6.20%,7.40%,7.70%,7.70%,7.00%,7.20%,16.00%,15.00%,3.10%,3.80%,6.80%,6.30%,7.70%,8.20%,7.90%,3.70%,5.80%,6.70%,4.30%,4.10%,5.80%,5.30%,8.30%,8.20%,8.50%,3.80%,6.70%,5.00%
Civilian noninstitutionalized population 65 years and older,"136,260","97,343","110,414","10,565","11,999","7,757","8,269","4,935","17,614","14,194","12,361","11,372","25,826","20,387","110,434","90,101","92,266","10,181","10,800","7,619","7,983","13,071","12,679","80,456","64,517","70,823","4,368","7,255","6,411","4,484","4,449","9,041","6,425","71,415","62,679","64,071","4,333","6,306","5,397"
With a disability,28.20%,26.10%,26.70%,40.30%,38.30%,14.60%,14.50%,51.40%,34.40%,28.60%,27.50%,29.90%,34.00%,35.40%,26.80%,26.20%,26.40%,39.30%,40.10%,14.90%,15.10%,31.00%,27.80%,34.10%,33.90%,34.10%,29.30%,36.50%,36.30%,32.10%,31.60%,38.00%,34.80%,33.60%,33.80%,33.90%,29.50%,36.40%,35.90%
RESIDENCE 1 YEAR AGO,,,,,,,,,,,,,,,,,,,,,,,,,,,,,,,,,,,,,,,
Population 1 year and over,"1,289,908","709,963","945,003","102,727","124,056","98,729","118,911","116,126","322,585","246,567","200,559","191,034","429,244","310,839","860,664","606,857","654,064","100,007","114,818","95,372","112,328","235,040","206,459","635,170","383,422","485,054","65,278","126,670","105,663","74,904","72,674","159,429","125,514","475,741","347,821","374,373","63,937","101,632","80,588"
Same house,80.40%,81.00%,81.30%,76.50%,76.50%,76.40%,76.40%,80.00%,81.20%,81.50%,81.50%,82.20%,82.70%,85.70%,79.20%,80.70%,80.70%,76.60%,75.90%,76.20%,76.00%,82.20%,81.90%,82.80%,83.90%,83.60%,82.50%,81.80%,82.50%,83.80%,84.10%,79.30%,81.90%,84.00%,85.00%,84.30%,82.60%,82.80%,84.50%
Different house in the U.S.,18.30%,17.60%,17.50%,22.20%,22.20%,21.60%,21.80%,18.00%,17.40%,17.60%,17.40%,16.70%,16.20%,13.70%,19.30%,17.80%,17.90%,22.10%,23.00%,21.70%,22.20%,16.90%,17.00%,16.60%,15.70%,15.90%,15.70%,17.80%,17.00%,15.60%,15.20%,20.40%,18.00%,15.40%,14.50%,15.30%,15.60%,16.70%,14.90%
Same county,9.70%,8.90%,9.00%,14.60%,13.90%,9.40%,9.90%,11.00%,10.40%,9.90%,10.30%,9.90%,9.30%,8.30%,10.00%,9.00%,9.00%,14.80%,14.70%,9.70%,10.30%,9.50%,10.10%,6.60%,6.70%,6.90%,4.30%,8.70%,7.40%,7.80%,7.80%,8.90%,8.20%,5.90%,6.00%,6.30%,4.40%,7.60%,7.50%
Different county,8.50%,8.80%,8.40%,7.60%,8.30%,12.20%,11.90%,7.10%,7.00%,7.70%,7.10%,6.80%,6.90%,5.40%,9.30%,8.80%,8.90%,7.30%,8.30%,12.00%,11.90%,7.50%,6.90%,10.00%,9.00%,9.00%,11.30%,9.20%,9.50%,7.80%,7.40%,11.50%,9.80%,9.50%,8.50%,8.90%,11.20%,9.10%,7.40%
Same state,4.50%,4.40%,4.40%,4.30%,4.60%,5.20%,5.20%,5.20%,4.50%,4.50%,4.20%,4.30%,4.20%,3.80%,4.70%,4.40%,4.50%,4.50%,5.00%,5.20%,5.20%,4.70%,4.10%,6.40%,4.80%,5.20%,5.10%,8.30%,7.20%,7.30%,6.90%,10.60%,9.20%,5.00%,4.00%,4.20%,4.90%,6.70%,6.80%
Different state,4.00%,4.40%,4.00%,3.30%,3.70%,6.90%,6.60%,1.90%,2.50%,3.10%,2.90%,2.50%,2.80%,1.60%,4.60%,4.40%,4.40%,2.90%,3.30%,6.80%,6.60%,2.80%,2.80%,3.60%,4.20%,3.80%,6.30%,0.80%,2.40%,0.50%,0.60%,0.80%,0.60%,4.50%,4.50%,4.80%,6.30%,2.40%,0.60%
Abroad,1.40%,1.30%,1.20%,1.30%,1.30%,2.00%,1.70%,2.00%,1.40%,1.00%,1.20%,1.10%,1.10%,0.50%,1.50%,1.50%,1.40%,1.30%,1.20%,2.10%,1.80%,0.90%,1.10%,0.50%,0.40%,0.50%,1.80%,0.40%,0.50%,0.60%,0.60%,0.30%,0.10%,0.60%,0.50%,0.50%,1.80%,0.50%,0.60%
"PLACE OF BIRTH, CITIZENSHIP STATUS AND YEAR OF ENTRY",,,,,,,,,,,,,,,,,,,,,,,,,,,,,,,,,,,,,,,
Native,"1,076,009","663,899","835,985","91,519","110,883","40,306","60,134","82,760","227,661","182,830","139,868","131,537","321,720","248,943","754,289","572,557","616,521","89,007","102,570","38,170","54,867","172,086","144,901","545,148","367,023","452,548","26,803","97,449","88,995","60,932","59,265","126,613","103,611","418,535","335,581","360,087","25,480","85,525","65,401"
Male,50.40%,50.00%,49.70%,51.00%,50.10%,51.00%,52.20%,54.80%,50.10%,48.30%,46.60%,46.80%,50.10%,50.30%,50.50%,50.60%,50.50%,51.10%,49.80%,50.80%,51.50%,48.60%,47.40%,49.70%,49.40%,49.80%,51.00%,49.20%,51.70%,50.90%,50.80%,49.00%,48.80%,49.90%,49.60%,49.80%,51.50%,51.10%,50.60%
Female,49.60%,50.00%,50.30%,49.00%,49.90%,49.00%,47.80%,45.20%,49.90%,51.70%,53.40%,53.20%,49.90%,49.70%,49.50%,49.40%,49.50%,48.90%,50.20%,49.20%,48.50%,51.40%,52.60%,50.30%,50.60%,50.20%,49.00%,50.80%,48.30%,49.10%,49.20%,51.00%,51.20%,50.10%,50.40%,50.20%,48.50%,48.90%,49.40%
Foreign born,"229,145","53,463","118,534","11,438","13,977","60,019","61,314","36,245","99,541","66,332","62,249","61,055","113,717","65,928","115,428","40,715","44,302","11,000","12,726","58,518","59,582","65,071","63,296","97,878","20,870","38,057","39,012","31,786","17,875","14,766","14,132","36,486","25,295","61,392","15,691","17,949","38,923","17,187","16,105"
Male,52.30%,55.30%,54.30%,39.90%,42.60%,48.50%,48.40%,56.10%,54.30%,53.30%,53.10%,53.30%,54.40%,51.20%,50.30%,56.10%,55.80%,41.50%,42.10%,48.60%,48.40%,53.50%,53.20%,50.20%,51.40%,50.20%,49.30%,50.40%,47.70%,50.30%,51.60%,52.70%,52.40%,48.70%,49.30%,46.20%,49.20%,48.80%,48.80%
Female,47.70%,44.70%,45.70%,60.10%,57.40%,51.50%,51.60%,43.90%,45.70%,46.70%,46.90%,46.70%,45.60%,48.80%,49.70%,43.90%,44.20%,58.50%,57.90%,51.40%,51.60%,46.50%,46.80%,49.80%,48.60%,49.80%,50.70%,49.60%,52.30%,49.70%,48.40%,47.30%,47.60%,51.30%,50.70%,53.80%,50.80%,51.20%,51.20%
Foreign born; naturalized U.S. citizen,"94,376","23,683","45,129","4,827","6,175","35,943","36,936","7,144","27,753","22,374","20,220","19,359","33,260","19,526","61,116","18,686","20,320","4,704","5,725","35,366","36,287","21,446","20,609","45,858","9,306","17,257","17,301","15,074","8,639","6,549","5,915","16,603","11,354","29,255","7,075","8,567","17,301","7,951","7,753"
Male,47.90%,51.70%,49.50%,24.70%,30.30%,48.60%,48.30%,50.40%,48.20%,47.10%,47.40%,47.10%,47.20%,42.20%,48.30%,54.10%,54.60%,25.40%,28.20%,48.80%,48.60%,47.00%,47.50%,46.30%,48.90%,39.60%,49.00%,41.00%,28.00%,29.10%,30.00%,42.80%,40.70%,48.30%,49.40%,42.60%,49.00%,28.80%,29.20%
Female,52.10%,48.30%,50.50%,75.30%,69.70%,51.40%,51.70%,49.60%,51.80%,52.90%,52.60%,52.90%,52.80%,57.80%,51.70%,45.90%,45.40%,74.60%,71.80%,51.20%,51.40%,53.00%,52.50%,53.70%,51.10%,60.40%,51.00%,59.00%,72.00%,70.90%,70.00%,57.20%,59.30%,51.70%,50.60%,57.40%,51.00%,71.20%,70.80%
Foreign born; not a U.S. citizen,"134,769","29,780","73,405","6,611","7,802","24,076","24,378","29,101","71,788","43,958","42,029","41,696","80,457","46,402","54,312","22,029","23,982","6,296","7,001","23,152","23,295","43,625","42,687","52,020","11,564","20,800","21,711","16,712","9,236","8,217","8,217","19,883","13,941","32,137","8,616","9,382","21,622","9,236","8,352"
Male,55.40%,58.20%,57.30%,51.00%,52.40%,48.50%,48.60%,57.50%,56.60%,56.40%,55.80%,56.10%,57.40%,54.90%,52.40%,57.70%,56.80%,53.50%,53.50%,48.40%,48.10%,56.70%,56.00%,53.60%,53.40%,59.00%,49.60%,58.90%,66.00%,67.20%,67.20%,60.90%,61.90%,49.10%,49.20%,49.40%,49.40%,66.00%,66.90%
Female,44.60%,41.80%,42.70%,49.00%,47.60%,51.50%,51.40%,42.50%,43.40%,43.60%,44.20%,43.90%,42.60%,45.10%,47.60%,42.30%,43.20%,46.50%,46.50%,51.60%,51.90%,43.30%,44.00%,46.40%,46.60%,41.00%,50.40%,41.10%,34.00%,32.80%,32.80%,39.10%,38.10%,50.90%,50.80%,50.60%,50.60%,34.00%,33.10%
Population born outside the United States,"229,145","53,463","118,534","11,438","13,977","60,019","61,314","36,245","99,541","66,332","62,249","61,055","113,717","65,928","115,428","40,715","44,302","11,000","12,726","58,518","59,582","65,071","63,296","97,878","20,870","38,057","39,012","31,786","17,875","14,766","14,132","36,486","25,295","61,392","15,691","17,949","38,923","17,187","16,105"
Entered 2010 or later,37.50%,45.60%,40.10%,69.70%,64.90%,32.80%,32.80%,28.50%,32.50%,35.00%,34.30%,34.70%,32.30%,18.30%,42.60%,48.60%,48.50%,72.50%,68.00%,32.10%,32.10%,35.50%,34.70%,41.00%,49.00%,40.70%,46.30%,27.50%,30.00%,31.80%,32.50%,28.40%,22.60%,48.50%,54.30%,51.50%,46.20%,30.60%,29.30%
Entered 2000 to 2009,23.70%,15.40%,20.00%,18.60%,20.60%,24.90%,24.60%,33.00%,27.20%,23.90%,24.30%,24.20%,26.40%,26.30%,21.00%,16.40%,17.40%,16.40%,18.10%,24.90%,24.50%,23.80%,23.90%,23.50%,17.00%,19.60%,23.30%,30.10%,23.40%,24.00%,23.20%,27.60%,29.60%,21.10%,16.90%,17.00%,23.30%,22.70%,24.50%
Entered before 2000,38.80%,39.00%,39.90%,11.70%,14.50%,42.30%,42.60%,38.50%,40.30%,41.10%,41.40%,41.10%,41.30%,55.40%,36.40%,35.00%,34.00%,11.00%,13.90%,43.00%,43.40%,40.70%,41.40%,35.50%,34.10%,39.80%,30.40%,42.40%,46.70%,44.20%,44.30%,44.00%,47.80%,30.40%,28.80%,31.50%,30.50%,46.70%,46.20%
WORLD REGION OF BIRTH OF FOREIGN BORN,,,,,,,,,,,,,,,,,,,,,,,,,,,,,,,,,,,,,,,
Foreign-born population excluding population born at sea,"229,145","53,463","118,534","11,438","13,977","60,019","61,314","36,245","99,541","66,332","62,249","61,055","113,717","65,928","115,428","40,715","44,302","11,000","12,726","58,518","59,582","65,071","63,296","97,878","20,870","38,057","39,012","31,786","17,875","14,766","14,132","36,486","25,295","61,392","15,691","17,949","38,923","17,187","16,105"
Europe,8.70%,32.50%,16.10%,N,N,N,0.70%,N,N,2.60%,N,N,N,N,16.10%,42.30%,39.90%,N,N,N,0.70%,2.60%,N,9.80%,40.30%,23.40%,1.70%,N,2.70%,N,N,N,N,15.00%,52.80%,47.30%,1.70%,2.80%,N
Asia,29.50%,15.60%,7.70%,N,N,N,95.60%,N,N,1.20%,N,N,N,N,58.00%,20.50%,20.40%,N,N,N,97.50%,1.10%,N,42.80%,22.40%,13.30%,95.20%,N,2.20%,N,N,N,N,68.20%,29.80%,28.20%,95.40%,2.30%,N
Africa,7.20%,13.50%,6.50%,N,N,N,0.50%,N,N,0.90%,N,N,N,N,14.30%,17.70%,17.50%,N,N,N,0.50%,0.90%,N,5.30%,2.50%,2.90%,0.40%,N,3.40%,N,N,N,N,8.50%,3.40%,6.10%,0.40%,3.30%,N
Oceania,0.70%,1.90%,1.40%,N,N,N,0.00%,N,N,1.00%,N,N,N,N,1.40%,2.50%,3.80%,N,N,N,0.00%,1.00%,N,1.00%,2.20%,1.80%,0.30%,N,1.20%,N,N,N,N,1.60%,3.00%,3.80%,0.30%,1.20%,N
Latin America,51.40%,27.80%,64.20%,N,N,N,2.10%,N,N,94.20%,N,N,N,N,5.40%,5.60%,7.50%,N,N,N,0.20%,94.20%,N,39.40%,27.10%,55.20%,1.10%,N,89.50%,N,N,N,N,4.00%,3.80%,7.30%,0.90%,89.40%,N
Northern America,2.40%,8.70%,4.10%,N,N,N,1.10%,N,N,0.20%,N,N,N,N,4.90%,11.50%,10.90%,N,N,N,1.20%,0.20%,N,1.70%,5.50%,3.50%,1.30%,N,1.00%,N,N,N,N,2.70%,7.30%,7.30%,1.30%,1.00%,N
LANGUAGE SPOKEN AT HOME AND ABILITY TO SPEAK ENGLISH,,,,,,,,,,,,,,,,,,,,,,,,,,,,,,,,,,,,,,,
Population 5 years and over,"1,232,021","683,313","903,453","97,749","117,449","94,603","113,071","109,942","304,483","231,508","188,805","179,439","403,207","290,572","828,814","588,952","631,834","95,029","108,441","91,916","107,252","220,140","194,541","604,916","367,833","462,324","60,691","120,229","97,854","70,510","68,674","151,113","119,116","453,803","334,566","358,304","59,543","94,491","75,602"
English only,70.70%,89.20%,78.50%,89.20%,86.90%,32.00%,39.70%,31.30%,35.20%,45.30%,36.70%,37.00%,40.30%,40.00%,85.40%,93.30%,92.90%,89.90%,88.90%,30.90%,38.50%,45.40%,37.30%,75.00%,90.90%,84.60%,29.00%,44.70%,59.80%,51.90%,52.00%,47.20%,46.50%,84.20%,93.40%,93.30%,28.70%,60.00%,51.90%
Language other than English,29.30%,10.80%,21.50%,10.80%,13.10%,68.00%,60.30%,68.70%,64.80%,54.70%,63.30%,63.00%,59.70%,60.00%,14.60%,6.70%,7.10%,10.10%,11.10%,69.10%,61.50%,54.60%,62.70%,25.00%,9.10%,15.40%,71.00%,55.30%,40.20%,48.10%,48.00%,52.80%,53.50%,15.80%,6.60%,6.70%,71.30%,40.00%,48.10%
"Speak English less than ""very well""",9.60%,3.10%,7.40%,2.40%,3.00%,18.20%,15.80%,26.20%,24.50%,20.20%,24.00%,24.40%,21.80%,17.80%,3.70%,1.80%,1.70%,2.30%,2.10%,18.10%,15.90%,20.50%,23.50%,8.20%,1.80%,3.70%,25.50%,21.50%,11.10%,13.70%,13.60%,19.70%,19.50%,4.30%,0.90%,0.90%,25.70%,11.20%,14.00%
EMPLOYMENT STATUS,,,,,,,,,,,,,,,,,,,,,,,,,,,,,,,,,,,,,,,
Population 16 years and over,"1,065,381","606,956","783,815","84,361","99,985","83,590","97,068","89,610","249,637","187,683","154,870","146,048","326,456","235,303","738,925","532,239","565,797","81,964","92,215","81,841","93,026","176,859","160,027","504,455","312,297","386,598","48,531","97,321","77,187","56,830","55,273","120,062","92,854","384,393","288,024","305,898","47,828","74,301","60,689"
In labor force,73.10%,72.80%,72.60%,68.80%,68.80%,77.20%,77.70%,78.10%,73.70%,72.30%,71.10%,70.80%,73.60%,72.60%,72.80%,72.40%,72.70%,68.40%,69.00%,77.30%,77.90%,71.90%,71.30%,71.10%,68.70%,69.70%,69.10%,76.50%,74.80%,76.60%,76.10%,77.40%,77.40%,69.10%,68.10%,68.00%,68.70%,74.10%,75.30%
Civilian labor force,72.90%,72.60%,72.40%,68.80%,68.80%,77.20%,77.70%,77.90%,73.60%,72.20%,71.00%,70.70%,73.50%,72.40%,72.70%,72.20%,72.50%,68.40%,69.00%,77.30%,77.90%,71.80%,71.20%,71.00%,68.50%,69.60%,69.10%,76.40%,74.70%,76.50%,76.00%,77.40%,77.30%,69.00%,67.90%,67.80%,68.70%,74.00%,75.20%
Employed,69.30%,69.10%,68.90%,64.70%,64.90%,74.20%,75.00%,72.00%,69.10%,68.70%,67.50%,67.30%,68.80%,67.90%,69.50%,69.00%,69.30%,64.30%,65.20%,74.30%,75.10%,68.30%,67.50%,67.60%,65.50%,66.60%,65.30%,72.30%,71.80%,72.90%,72.30%,73.20%,73.40%,65.80%,65.00%,65.10%,64.90%,71.20%,71.80%
Unemployed,3.70%,3.50%,3.50%,4.00%,3.90%,3.00%,2.70%,5.80%,4.40%,3.50%,3.40%,3.50%,4.60%,4.50%,3.20%,3.30%,3.20%,4.00%,3.70%,3.10%,2.80%,3.50%,3.70%,3.40%,3.00%,3.00%,3.80%,4.10%,2.90%,3.60%,3.70%,4.20%,3.90%,3.10%,2.90%,2.70%,3.80%,2.80%,3.50%
Unemployment Rate,5.00%,4.80%,4.80%,5.90%,5.70%,3.90%,3.50%,7.50%,6.00%,4.80%,4.90%,4.90%,6.30%,6.30%,4.40%,4.50%,4.30%,5.90%,5.40%,4.00%,3.60%,4.90%,5.20%,4.80%,4.40%,4.20%,5.50%,5.40%,3.80%,4.70%,4.80%,5.40%,5.00%,4.60%,4.30%,4.00%,5.60%,3.80%,4.60%
Armed Forces,0.10%,0.20%,0.10%,0.00%,0.00%,0.00%,0.00%,0.30%,0.10%,0.10%,0.10%,0.10%,0.10%,0.20%,0.10%,0.20%,0.20%,0.00%,0.00%,0.00%,0.00%,0.10%,0.10%,0.10%,0.20%,0.20%,0.00%,0.20%,0.10%,0.10%,0.10%,0.10%,0.10%,0.20%,0.20%,0.20%,0.00%,0.10%,0.10%
Not in labor force,26.90%,27.20%,27.40%,31.20%,31.20%,22.80%,22.30%,21.90%,26.30%,27.70%,28.90%,29.20%,26.40%,27.40%,27.20%,27.60%,27.30%,31.60%,31.00%,22.70%,22.10%,28.10%,28.70%,28.90%,31.30%,30.30%,30.90%,23.50%,25.20%,23.40%,23.90%,22.60%,22.60%,30.90%,31.90%,32.00%,31.30%,25.90%,24.70%
Females 16 years and over,"525,829","299,871","386,548","42,752","50,807","42,586","48,370","43,197","122,891","92,505","78,059","73,209","159,160","117,848","366,669","261,985","279,238","41,153","47,157","41,293","46,413","86,677","79,694","256,112","158,987","196,566","24,795","49,942","38,804","29,065","28,089","60,826","47,354","195,286","146,476","155,947","24,374","37,579","31,288"
In labor force,68.30%,68.90%,67.60%,71.80%,70.00%,70.20%,70.80%,71.60%,66.30%,64.00%,62.80%,61.90%,66.30%,66.70%,69.20%,68.60%,68.60%,71.40%,70.30%,70.20%,70.50%,63.00%,63.40%,64.40%,62.10%,63.20%,57.30%,70.80%,68.80%,71.00%,70.10%,70.50%,70.20%,62.40%,61.90%,61.80%,56.50%,68.10%,68.90%
Civilian labor force,68.30%,68.90%,67.60%,71.80%,70.00%,70.20%,70.80%,71.60%,66.30%,64.00%,62.80%,61.90%,66.30%,66.70%,69.20%,68.50%,68.60%,71.40%,70.30%,70.20%,70.50%,63.00%,63.40%,64.40%,62.10%,63.20%,57.30%,70.80%,68.80%,71.00%,70.10%,70.50%,70.20%,62.40%,61.90%,61.80%,56.50%,68.10%,68.90%
Employed,64.90%,66.00%,64.30%,66.90%,65.70%,66.90%,67.80%,67.20%,61.70%,59.50%,58.50%,57.30%,62.30%,61.90%,66.00%,65.60%,65.70%,66.30%,65.70%,66.80%,67.30%,58.20%,58.70%,60.20%,58.60%,60.10%,52.30%,66.00%,67.40%,69.10%,68.10%,65.40%,66.10%,58.60%,58.60%,58.70%,51.50%,66.60%,67.20%
Unemployed,3.50%,2.90%,3.30%,4.90%,4.20%,3.30%,3.00%,4.40%,4.60%,4.40%,4.30%,4.60%,4.00%,4.80%,3.20%,3.00%,2.90%,5.10%,4.60%,3.40%,3.10%,4.70%,4.70%,4.20%,3.50%,3.10%,4.90%,4.90%,1.40%,1.90%,1.90%,5.10%,4.10%,3.80%,3.30%,3.10%,5.00%,1.40%,1.70%
Unemployment Rate,5.10%,4.20%,4.90%,6.80%,6.00%,4.70%,4.30%,6.20%,6.90%,6.90%,6.90%,7.50%,6.10%,7.20%,4.70%,4.30%,4.30%,7.10%,6.50%,4.90%,4.50%,7.50%,7.40%,6.50%,5.60%,4.90%,8.60%,6.80%,N,N,N,7.30%,5.90%,6.20%,5.30%,5.00%,8.90%,N,N
COMMUTING TO WORK,,,,,,,,,,,,,,,,,,,,,,,,,,,,,,,,,,,,,,,
Workers 16 years and over,"731,623","416,644","536,054","53,658","63,971","61,339","71,866","64,165","171,070","127,532","103,449","97,124","222,523","158,492","509,100","364,730","389,619","51,774","59,228","60,124","68,910","119,410","106,905","336,739","201,480","254,261","30,962","70,317","55,342","41,378","39,907","87,339","68,174","249,400","184,473","196,227","30,377","52,781","43,496"
"Car, truck, or van - drove alone",53.00%,51.30%,52.50%,56.40%,55.50%,42.20%,44.10%,62.30%,59.30%,57.10%,57.80%,57.60%,59.70%,61.20%,50.00%,49.90%,50.00%,57.20%,57.40%,42.40%,43.70%,56.70%,57.60%,58.20%,58.60%,58.90%,38.90%,63.00%,60.60%,62.70%,62.50%,62.60%,63.20%,56.60%,59.00%,58.50%,38.40%,60.20%,62.10%
"Car, truck, or van - carpooled",6.20%,3.50%,4.60%,7.70%,6.60%,7.20%,6.10%,15.80%,11.70%,8.00%,9.20%,9.80%,11.10%,12.20%,4.00%,3.10%,3.20%,7.40%,6.60%,7.10%,6.20%,8.60%,9.20%,6.80%,6.70%,6.50%,5.90%,8.90%,5.70%,5.90%,6.10%,8.90%,8.00%,6.10%,6.40%,6.30%,6.00%,5.80%,6.00%
Public transportation (excluding taxicab),1.10%,0.60%,0.60%,1.30%,1.20%,3.10%,2.80%,3.50%,1.50%,0.70%,0.30%,0.40%,1.30%,1.10%,1.00%,0.60%,0.70%,1.30%,1.30%,3.10%,2.80%,0.70%,0.30%,0.00%,0.00%,0.00%,0.00%,0.00%,0.00%,0.00%,0.00%,0.00%,0.00%,0.00%,0.00%,0.00%,0.00%,0.00%,0.00%
Walked,1.80%,1.60%,1.40%,2.30%,1.90%,1.60%,2.00%,4.30%,2.10%,1.00%,0.70%,0.80%,1.80%,1.80%,1.70%,1.60%,1.60%,2.40%,2.10%,1.60%,2.00%,1.00%,0.70%,1.20%,1.30%,1.30%,0.90%,1.20%,1.30%,1.40%,1.50%,1.60%,1.80%,1.10%,1.00%,1.20%,0.90%,1.40%,1.30%
Other means,1.80%,1.80%,2.00%,1.70%,2.40%,1.30%,1.10%,0.70%,2.20%,2.80%,3.30%,2.90%,2.00%,1.00%,1.70%,1.80%,1.70%,1.80%,2.30%,1.30%,1.20%,2.50%,3.20%,1.60%,1.30%,1.60%,2.80%,1.50%,2.90%,1.10%,1.10%,1.70%,2.20%,1.60%,1.10%,1.60%,2.90%,2.90%,1.00%
Worked from home,36.20%,41.20%,38.80%,30.50%,32.30%,44.80%,43.90%,13.30%,23.10%,30.40%,28.60%,28.60%,24.10%,22.70%,41.50%,42.90%,42.80%,29.80%,30.30%,44.50%,44.10%,30.50%,29.00%,32.10%,32.00%,31.50%,51.50%,25.40%,29.40%,28.90%,28.80%,25.20%,24.80%,34.60%,32.40%,32.30%,51.80%,29.80%,29.40%
Mean travel time to work (minutes),24.4,22.5,23.5,28.5,28.7,22.3,23.7,26.7,26.1,26.6,25.9,25.6,25.5,26.2,23.7,22.5,22.9,28.6,29,22.4,23.9,26.4,25.7,25.8,25.5,26,26.3,25.3,27.7,28.1,28,24.9,24.5,26.1,25.7,25.9,26.4,27.8,27.6
OCCUPATION,,,,,,,,,,,,,,,,,,,,,,,,,,,,,,,,,,,,,,,
Civilian employed population 16 years and over,"738,191","419,589","540,396","54,600","64,913","61,999","72,789","64,553","172,592","128,929","104,583","98,258","224,754","159,724","513,437","367,202","392,354","52,716","60,170","60,784","69,833","120,807","108,039","340,894","204,655","257,532","31,695","70,330","55,438","41,439","39,968","87,929","68,194","252,965","187,245","199,034","31,027","52,877","43,557"
"Management, business, science, and arts occupations",57.20%,63.50%,60.10%,48.00%,49.40%,74.00%,71.40%,28.70%,39.80%,48.10%,45.80%,46.10%,40.50%,40.20%,64.50%,65.90%,65.60%,46.50%,46.90%,73.80%,71.80%,48.40%,46.50%,51.10%,56.10%,53.30%,72.40%,34.30%,42.60%,41.40%,41.60%,33.60%,32.90%,57.20%,57.80%,57.40%,73.50%,42.40%,41.20%
Service occupations,11.80%,8.80%,10.70%,14.00%,14.50%,8.80%,9.70%,22.80%,19.50%,17.10%,17.80%,18.20%,19.20%,19.90%,8.50%,7.40%,7.60%,14.20%,15.30%,9.00%,9.70%,17.20%,17.50%,14.00%,11.70%,12.90%,5.10%,23.60%,18.10%,17.70%,17.30%,21.90%,23.30%,11.30%,11.20%,11.80%,5.20%,17.60%,17.70%
Sales and office occupations,18.50%,19.10%,18.90%,20.70%,20.70%,9.60%,11.10%,15.90%,18.00%,19.20%,19.20%,17.90%,19.40%,19.50%,18.10%,18.90%,18.90%,21.30%,21.30%,9.60%,11.00%,18.10%,19.20%,19.90%,19.90%,19.90%,15.70%,17.50%,19.70%,18.60%,18.60%,20.50%,19.60%,19.70%,19.40%,19.30%,14.80%,19.90%,18.20%
"Natural resources, construction, and maintenance occupations",5.80%,3.80%,5.00%,7.90%,7.20%,1.80%,1.70%,15.10%,11.80%,8.80%,10.00%,10.70%,10.20%,9.40%,3.80%,3.70%,3.60%,8.20%,7.80%,1.80%,1.60%,9.30%,9.80%,7.00%,5.30%,6.10%,1.00%,14.20%,8.50%,9.80%,10.00%,14.10%,14.50%,4.50%,4.80%,4.70%,0.80%,8.80%,10.00%
"Production, transportation, and material moving occupations",6.80%,4.90%,5.30%,9.40%,8.30%,5.80%,6.00%,17.40%,10.90%,6.80%,7.10%,7.20%,10.70%,10.90%,5.00%,4.10%,4.20%,9.80%,8.70%,5.80%,5.90%,6.90%,7.10%,8.00%,6.90%,7.90%,5.80%,10.50%,11.10%,12.60%,12.60%,9.90%,9.70%,7.40%,6.80%,6.70%,5.70%,11.30%,12.90%
Male civilian employed population 16 years and over,"397,141","221,659","291,992","25,989","31,514","33,507","40,018","35,546","96,799","73,860","58,910","56,336","125,647","86,771","271,494","195,404","209,028","25,444","29,191","33,206","38,587","70,333","61,253","186,726","111,515","139,358","18,721","37,378","29,284","21,361","20,831","48,159","36,900","138,567","101,346","107,446","18,474","27,843","22,528"
"Management, business, science, and arts occupations",56.30%,62.10%,59.00%,48.10%,48.90%,77.90%,74.20%,25.90%,38.50%,48.10%,44.70%,44.80%,39.10%,37.90%,64.30%,64.70%,64.40%,47.30%,46.10%,78.00%,74.90%,49.00%,45.90%,49.10%,53.50%,50.40%,74.50%,28.90%,38.50%,35.70%,35.60%,29.20%,27.60%,56.00%,55.40%,55.50%,75.50%,37.80%,34.50%
Service occupations,9.00%,7.10%,8.70%,9.50%,11.30%,4.70%,6.40%,16.20%,14.90%,13.80%,14.50%,15.10%,14.90%,16.00%,6.30%,5.90%,6.00%,9.40%,11.80%,4.70%,6.00%,13.60%,14.10%,11.70%,9.20%,11.10%,4.20%,21.70%,18.80%,18.00%,18.10%,19.10%,20.60%,9.10%,8.80%,9.50%,4.30%,18.60%,18.60%
Sales and office occupations,15.20%,16.60%,15.70%,15.00%,15.30%,9.40%,12.10%,8.10%,11.10%,14.00%,13.00%,11.70%,14.00%,14.10%,15.80%,16.50%,16.90%,15.30%,16.20%,9.20%,11.80%,12.70%,12.90%,16.70%,18.20%,17.20%,12.70%,9.30%,13.10%,12.30%,12.60%,14.10%,12.70%,17.60%,17.40%,17.00%,12.40%,13.40%,11.60%
"Natural resources, construction, and maintenance occupations",10.30%,6.80%,8.90%,16.60%,14.90%,2.30%,2.20%,26.40%,20.30%,14.90%,17.30%,18.10%,17.30%,16.70%,7.00%,6.70%,6.60%,17.00%,16.10%,2.30%,2.00%,15.70%,16.80%,12.10%,9.10%,10.60%,1.40%,26.70%,16.10%,19.00%,19.10%,25.70%,26.70%,7.40%,8.20%,8.10%,1.00%,16.70%,19.30%
"Production, transportation, and material moving occupations",9.20%,7.40%,7.80%,10.80%,9.60%,5.70%,5.10%,23.40%,15.10%,9.10%,10.30%,10.30%,14.70%,15.40%,6.60%,6.20%,6.10%,11.10%,9.90%,5.70%,5.30%,9.00%,10.30%,10.40%,10.00%,10.70%,7.20%,13.30%,13.50%,15.10%,14.70%,11.90%,12.50%,9.90%,10.20%,9.90%,6.80%,13.60%,16.00%
Female civilian employed population 16 years and over,"341,050","197,930","248,404","28,611","33,399","28,492","32,771","29,007","75,793","55,069","45,673","41,922","99,107","72,953","241,943","171,798","183,326","27,272","30,979","27,578","31,246","50,474","46,786","154,168","93,140","118,174","12,974","32,952","26,154","20,078","19,137","39,770","31,294","114,398","85,899","91,588","12,553","25,034","21,029"
"Management, business, science, and arts occupations",58.20%,65.00%,61.50%,48.00%,49.80%,69.30%,68.00%,32.10%,41.50%,48.10%,47.20%,47.70%,42.20%,43.10%,64.80%,67.40%,67.00%,45.80%,47.70%,68.80%,67.90%,47.60%,47.20%,53.60%,59.20%,56.70%,69.40%,40.30%,47.10%,47.40%,48.10%,39.00%,39.10%,58.60%,60.50%,59.70%,70.70%,47.50%,48.40%
Service occupations,15.00%,10.70%,13.00%,18.00%,17.40%,13.70%,13.80%,31.00%,25.40%,21.60%,22.10%,22.30%,24.60%,24.60%,11.10%,9.10%,9.50%,18.70%,18.60%,14.00%,14.40%,22.20%,21.90%,16.80%,14.80%,15.10%,6.30%,25.70%,17.20%,17.30%,16.50%,25.20%,26.50%,13.90%,14.00%,14.50%,6.50%,16.50%,16.80%
Sales and office occupations,22.30%,21.90%,22.60%,25.90%,25.80%,9.80%,10.00%,25.50%,26.70%,26.20%,27.30%,26.20%,26.30%,26.00%,20.70%,21.60%,21.30%,27.00%,26.20%,10.10%,9.90%,25.70%,27.40%,23.70%,21.90%,23.00%,19.90%,26.70%,27.10%,25.40%,25.10%,28.20%,27.70%,22.20%,21.80%,22.10%,18.20%,27.10%,25.30%
"Natural resources, construction, and maintenance occupations",0.50%,0.40%,0.40%,0.00%,0.00%,1.20%,1.10%,1.30%,0.80%,0.50%,0.60%,0.60%,1.10%,0.80%,0.30%,0.20%,0.20%,0.00%,0.00%,1.30%,1.10%,0.50%,0.60%,0.70%,0.80%,0.70%,0.50%,0.00%,0.00%,0.00%,0.00%,0.10%,0.20%,0.90%,0.90%,0.80%,0.50%,0.00%,0.00%
"Production, transportation, and material moving occupations",4.00%,2.10%,2.50%,8.20%,7.00%,6.00%,7.10%,10.10%,5.60%,3.70%,2.90%,3.10%,5.80%,5.60%,3.20%,1.80%,2.00%,8.60%,7.50%,5.90%,6.80%,4.00%,2.80%,5.10%,3.30%,4.50%,3.90%,7.20%,8.50%,9.80%,10.30%,7.40%,6.50%,4.30%,2.90%,2.90%,4.00%,8.90%,9.60%
INDUSTRY,,,,,,,,,,,,,,,,,,,,,,,,,,,,,,,,,,,,,,,
Civilian employed population 16 years and over,"738,191","419,589","540,396","54,600","64,913","61,999","72,789","64,553","172,592","128,929","104,583","98,258","224,754","159,724","513,437","367,202","392,354","52,716","60,170","60,784","69,833","120,807","108,039","340,894","204,655","257,532","31,695","70,330","55,438","41,439","39,968","87,929","68,194","252,965","187,245","199,034","31,027","52,877","43,557"
"Agriculture, forestry, fishing and hunting, and mining",0.40%,0.40%,0.50%,0.00%,0.00%,0.40%,0.80%,0.40%,0.50%,0.70%,0.60%,0.70%,0.40%,0.50%,0.40%,0.40%,0.50%,0.00%,0.00%,0.50%,0.80%,0.80%,0.60%,0.50%,0.60%,0.50%,1.40%,0.20%,0.20%,0.10%,0.10%,0.20%,0.30%,0.60%,0.60%,0.60%,1.40%,0.20%,0.10%
Construction,5.90%,4.70%,5.70%,1.90%,1.80%,2.20%,2.60%,14.30%,11.60%,9.00%,10.20%,10.60%,9.90%,9.00%,4.10%,4.50%,4.70%,2.00%,1.80%,2.20%,2.50%,9.40%,10.00%,6.70%,6.20%,6.80%,0.80%,11.70%,8.90%,10.10%,10.50%,12.10%,12.80%,4.80%,5.90%,5.90%,0.80%,9.30%,9.80%
Manufacturing,8.10%,7.60%,7.50%,4.80%,4.20%,14.30%,13.50%,10.20%,8.20%,6.80%,6.50%,6.70%,8.90%,10.50%,7.80%,7.40%,7.30%,4.80%,4.40%,14.20%,13.10%,7.00%,6.90%,9.50%,9.50%,9.40%,17.60%,7.50%,8.90%,9.40%,9.20%,7.80%,7.10%,10.10%,9.80%,9.60%,18.00%,9.00%,9.30%
Wholesale trade,1.70%,2.00%,1.80%,1.40%,1.30%,2.60%,2.30%,0.50%,0.80%,0.90%,1.00%,1.10%,0.80%,0.70%,2.10%,2.20%,2.10%,1.50%,1.40%,2.70%,2.40%,0.90%,1.00%,2.20%,2.20%,2.00%,1.10%,1.90%,1.30%,1.50%,1.50%,1.60%,1.60%,2.40%,2.30%,2.20%,1.10%,1.30%,1.40%
Retail trade,9.40%,8.70%,8.60%,13.30%,12.20%,7.90%,8.10%,11.30%,9.50%,8.70%,8.00%,7.30%,10.60%,9.70%,8.80%,8.30%,8.50%,13.00%,12.30%,7.40%,7.30%,8.20%,8.50%,11.90%,12.10%,12.60%,10.30%,11.40%,13.90%,13.00%,13.40%,13.00%,12.40%,11.50%,11.60%,11.50%,9.90%,14.40%,13.70%
"Transportation and warehousing, and utilities",4.00%,3.00%,3.20%,8.60%,8.10%,1.90%,2.10%,8.10%,6.10%,4.50%,4.90%,4.50%,5.70%,4.70%,3.30%,2.70%,2.60%,9.00%,8.50%,2.00%,2.20%,4.20%,4.80%,4.50%,2.90%,3.30%,2.30%,4.60%,5.20%,6.80%,6.50%,5.10%,3.80%,4.20%,3.00%,2.90%,1.80%,5.10%,6.50%
Information,3.30%,4.10%,3.70%,3.70%,4.20%,3.20%,3.30%,0.50%,1.60%,2.40%,2.30%,2.00%,1.90%,2.00%,4.00%,4.20%,4.10%,3.80%,4.00%,3.20%,3.30%,2.30%,2.20%,1.90%,1.90%,1.80%,2.40%,1.70%,1.30%,1.60%,1.70%,1.30%,1.30%,2.10%,2.00%,2.00%,2.50%,1.30%,1.50%
"Finance and insurance, and real estate and rental and leasing",7.40%,8.60%,8.30%,1.80%,3.90%,7.40%,7.50%,5.70%,6.20%,7.30%,6.60%,6.50%,5.70%,5.10%,8.20%,8.90%,9.10%,1.70%,3.60%,7.40%,7.70%,7.20%,6.50%,7.80%,7.60%,8.10%,9.60%,8.90%,10.00%,10.10%,10.50%,8.40%,9.10%,7.60%,7.60%,7.50%,9.10%,10.10%,10.00%
"Professional, scientific, and management, and administrative and waste management services",21.30%,23.30%,22.60%,16.30%,15.80%,27.40%,27.30%,11.30%,16.30%,19.60%,19.30%,20.40%,15.60%,14.90%,23.80%,24.40%,24.20%,16.50%,15.50%,27.90%,28.20%,20.30%,19.30%,18.40%,19.30%,17.60%,31.10%,14.10%,11.30%,11.60%,11.30%,14.90%,16.30%,19.60%,19.30%,18.80%,31.40%,11.00%,11.90%
"Educational services, and health care and social assistance",19.20%,19.50%,19.10%,18.70%,20.20%,21.40%,20.00%,18.90%,19.40%,18.40%,19.30%,18.20%,17.90%,20.90%,19.80%,19.90%,19.50%,18.90%,20.00%,21.30%,20.20%,17.60%,19.60%,19.80%,21.40%,20.60%,14.90%,16.50%,18.40%,18.10%,17.00%,16.00%,13.80%,21.10%,21.80%,21.90%,15.20%,17.60%,17.50%
"Arts, entertainment, and recreation, and accommodation and food services",8.60%,7.60%,8.70%,6.40%,7.90%,4.80%,6.30%,11.20%,11.00%,12.40%,11.20%,11.80%,13.30%,13.10%,6.60%,6.60%,6.80%,5.80%,7.70%,4.70%,6.00%,12.70%,10.80%,7.10%,6.00%,7.20%,1.30%,11.80%,11.90%,9.00%,9.30%,11.20%,12.20%,5.70%,5.70%,6.40%,1.30%,11.70%,9.80%
Other services (except public administration),4.20%,4.70%,4.30%,4.70%,4.40%,3.50%,3.40%,3.90%,3.20%,2.90%,2.90%,3.00%,3.80%,3.70%,4.30%,4.40%,4.50%,4.70%,4.40%,3.50%,3.60%,3.00%,2.90%,4.50%,5.00%,4.60%,0.80%,5.50%,3.20%,3.20%,3.10%,4.40%,4.90%,4.50%,5.10%,5.20%,0.80%,3.10%,3.10%
Public administration,6.50%,5.90%,6.00%,18.40%,16.10%,3.10%,2.80%,3.60%,5.60%,6.30%,7.10%,7.30%,5.60%,5.10%,6.90%,6.00%,5.90%,18.30%,16.50%,3.00%,2.80%,6.50%,6.90%,5.30%,5.30%,5.40%,6.50%,4.10%,5.70%,5.60%,5.80%,4.10%,4.50%,5.80%,5.20%,5.50%,6.60%,5.90%,5.30%
CLASS OF WORKER,,,,,,,,,,,,,,,,,,,,,,,,,,,,,,,,,,,,,,,
Civilian employed population 16 years and over,"738,191","419,589","540,396","54,600","64,913","61,999","72,789","64,553","172,592","128,929","104,583","98,258","224,754","159,724","513,437","367,202","392,354","52,716","60,170","60,784","69,833","120,807","108,039","340,894","204,655","257,532","31,695","70,330","55,438","41,439","39,968","87,929","68,194","252,965","187,245","199,034","31,027","52,877","43,557"
Private wage and salary workers,77.20%,77.80%,77.10%,69.40%,68.70%,83.40%,83.50%,79.20%,75.10%,74.10%,72.70%,73.20%,76.90%,74.70%,77.30%,77.60%,77.80%,69.30%,68.60%,83.20%,83.50%,74.60%,72.60%,78.40%,77.30%,78.00%,80.80%,80.60%,79.80%,81.40%,81.20%,80.70%,81.40%,77.60%,77.20%,77.20%,81.00%,80.60%,81.20%
Government workers,15.40%,14.60%,14.80%,26.80%,26.00%,13.10%,12.20%,12.80%,15.50%,16.00%,17.10%,16.50%,15.00%,16.40%,15.60%,14.50%,14.30%,27.10%,26.40%,13.20%,12.40%,15.60%,17.20%,14.30%,15.50%,15.30%,12.90%,11.80%,14.70%,15.40%,15.40%,12.00%,11.50%,15.10%,15.60%,15.60%,13.20%,14.40%,14.70%
Self-employed workers in own not incorporated business,7.30%,7.60%,8.10%,3.70%,5.20%,3.30%,4.10%,8.10%,9.40%,9.90%,10.20%,10.30%,8.00%,8.90%,7.00%,7.90%,7.90%,3.70%,5.00%,3.40%,4.00%,9.70%,10.20%,7.30%,7.10%,6.70%,6.30%,7.60%,5.50%,3.20%,3.30%,7.30%,7.10%,7.20%,7.20%,7.20%,5.80%,5.00%,4.20%
Unpaid family workers,0.00%,0.00%,0.00%,0.10%,0.10%,0.20%,0.20%,0.00%,0.00%,0.00%,0.00%,0.00%,0.00%,0.00%,0.00%,0.00%,0.00%,0.00%,0.00%,0.20%,0.20%,0.00%,0.00%,0.00%,0.10%,0.00%,0.00%,0.00%,0.00%,0.00%,0.00%,0.00%,0.00%,0.00%,0.10%,0.10%,0.00%,0.00%,0.00%
INCOME IN THE PAST 12 MONTHS (IN 2021 INFLATION-ADJUSTED DOLLARS),,,,,,,,,,,,,,,,,,,,,,,,,,,,,,,,,,,,,,,
Households,"567,627","344,594","428,906","45,834","53,858","42,509","49,593","39,132","113,246","90,105","71,439","67,170","152,345","105,188","415,282","304,459","323,577","44,216","50,314","41,811","47,948","84,312","74,114","241,836","163,178","190,046","21,755","36,196","27,881","20,420","20,035","47,232","36,201","194,604","151,748","158,053","21,382","26,868","22,016"
Median household income (dollars),"84,531","92,998","89,893","55,466","56,812","110,651","108,027","54,443","70,646","78,869","79,356","81,092","68,332","71,396","93,616","97,447","97,593","54,460","54,708","111,358","110,823","80,618","78,943","96,073","99,104","98,543","130,699","85,757","92,426","97,150","97,392","84,138","85,304","100,083","101,798","101,411","131,020","95,154","96,358"
With earnings,87.30%,85.10%,86.60%,82.80%,83.80%,94.00%,94.10%,91.80%,92.20%,92.40%,92.30%,92.80%,91.60%,91.40%,85.70%,84.50%,85.00%,82.10%,83.50%,93.90%,94.00%,92.80%,92.40%,85.20%,81.30%,82.90%,93.30%,95.80%,93.10%,95.70%,95.70%,95.00%,94.90%,82.90%,80.60%,80.60%,93.20%,92.90%,94.70%
Mean earnings (dollars),"118,667","126,717","123,817","97,782","95,139","149,119","151,044","66,842","93,648","110,054","107,342","110,073","87,993","89,896","130,686","132,486","133,042","97,766","94,504","151,447","154,700","112,946","107,723","116,297","122,997","120,260","143,515","92,436","103,471","108,146","109,430","91,570","95,539","123,172","125,844","125,032","144,635","105,709","106,389"
With Social Security income,16.80%,19.60%,17.90%,18.70%,18.60%,8.70%,8.40%,9.90%,11.00%,11.40%,11.70%,11.80%,12.50%,13.40%,18.40%,20.40%,19.70%,19.30%,19.10%,8.90%,8.70%,11.20%,11.60%,21.90%,26.20%,24.50%,10.20%,13.40%,13.80%,13.20%,13.30%,12.50%,12.20%,24.10%,27.30%,27.00%,10.20%,14.10%,13.90%
Mean Social Security income (dollars),"22,139","24,072","23,254","16,833","16,644","21,718","21,545","16,006","16,996","17,182","17,552","17,877","17,090","16,872","23,402","24,677","24,423","16,833","16,706","21,718","21,545","17,402","17,441","23,114","24,008","23,868","17,846","19,323","22,157","23,460","23,514","19,450","20,050","23,575","24,153","24,029","17,453","22,279","22,715"
With Supplemental Security Income,2.20%,1.80%,1.70%,5.80%,5.00%,1.40%,1.20%,2.60%,1.60%,1.20%,1.10%,1.20%,2.80%,3.20%,2.00%,1.70%,1.60%,6.00%,5.30%,1.50%,1.30%,1.30%,1.10%,2.80%,2.80%,2.60%,1.60%,4.60%,1.80%,2.30%,2.30%,3.80%,4.90%,2.60%,2.90%,2.80%,1.60%,1.80%,2.10%
Mean Supplemental Security Income (dollars),"9,711","10,133","9,575","11,820","11,740","8,160","8,160","10,455","8,491","6,456","5,922","5,922","7,594","7,425","10,775","10,541","10,438","11,820","11,820","8,160","8,160","6,456","5,922","9,407","10,201","9,723","6,809","7,554","5,366","5,382","5,382","7,504","7,504","10,083","10,329","10,180","6,809","5,366","5,382"
With cash public assistance income,3.20%,3.10%,3.30%,2.90%,3.70%,4.20%,4.20%,1.80%,2.80%,3.90%,3.40%,3.60%,3.60%,3.00%,3.00%,2.90%,3.10%,3.00%,3.80%,3.40%,3.40%,4.20%,3.30%,1.70%,1.40%,1.40%,1.60%,2.90%,1.80%,2.00%,2.00%,3.30%,3.50%,1.40%,1.10%,1.10%,N,1.90%,2.30%
Mean cash public assistance income (dollars),"7,723","8,457","7,950","7,725","6,171","7,266","6,517","4,907","7,562","6,409","8,342","8,342","6,889","6,929","8,086","8,674","8,360","7,725","6,357","6,497","5,920","6,409","8,342","7,040","8,210","7,039","6,372","1,446","1,985","1,248","1,248","3,018","3,539","9,432","8,785","8,785",N,"1,985","1,985"
With retirement income,16.70%,18.50%,17.90%,21.60%,20.50%,7.90%,8.90%,6.40%,12.10%,15.40%,15.60%,15.80%,13.30%,13.80%,17.90%,19.00%,18.80%,22.40%,21.10%,8.00%,9.20%,15.40%,15.20%,21.60%,25.80%,24.30%,8.60%,12.00%,15.50%,15.10%,14.50%,11.70%,11.60%,24.00%,26.80%,26.30%,8.60%,15.30%,16.20%
Mean retirement income (dollars),"31,796","35,471","33,143","25,176","24,320","40,238","37,480","20,487","21,326","21,134","21,406","22,380","19,507","19,514","35,127","37,537","36,485","25,176","25,075","40,238","37,480","21,687","21,511","30,449","31,893","31,615","28,704","26,904","29,043","27,532","26,848","23,724","19,496","31,248","32,573","32,509","28,944","28,771","26,992"
With Food Stamp/SNAP benefits,5.30%,3.30%,4.30%,8.60%,9.40%,3.30%,2.80%,12.00%,10.20%,8.60%,9.60%,8.90%,10.70%,10.80%,3.40%,2.60%,2.60%,8.60%,8.90%,3.30%,2.90%,8.20%,9.20%,5.00%,3.30%,3.90%,3.00%,7.20%,7.30%,8.10%,8.30%,11.00%,10.00%,3.50%,2.20%,2.10%,2.40%,7.60%,9.30%
Families,"303,600","178,649","230,220","17,052","21,286","25,694","29,073","24,553","71,575","54,496","45,448","43,857","92,900","67,313","210,700","157,039","167,056","16,084","18,563","25,435","28,481","51,571","47,022","171,371","111,665","133,172","17,934","27,749","21,881","16,581","16,404","35,578","28,658","135,793","103,418","108,231","17,561","21,507","18,075"
Median family income (dollars),"112,192","129,466","120,603","91,714","89,112","157,557","144,867","63,930","79,262","90,941","87,138","91,187","78,733","78,866","135,681","137,128","136,908","89,659","86,990","158,232","146,438","93,876","89,094","112,236","117,428","116,048","136,683","91,143","106,926","110,232","109,598","87,343","89,033","120,040","121,559","120,853","137,905","107,140","106,998"
Married-couple family,77.60%,81.80%,79.70%,62.00%,64.80%,82.30%,82.40%,67.70%,69.80%,71.80%,70.80%,71.80%,68.40%,66.80%,81.60%,83.10%,83.10%,62.40%,63.10%,83.10%,83.40%,72.60%,70.90%,81.70%,85.20%,83.30%,90.50%,74.50%,72.70%,75.80%,75.70%,70.40%,70.50%,84.70%,86.90%,86.30%,91.00%,73.30%,75.10%
Median income (dollars),"135,502","143,491","138,722","131,952","120,477","185,232","175,769","77,412","95,014","114,207","113,077","113,977","93,315","93,233","151,438","151,662","151,159","130,007","113,871","185,232","176,530","121,393","114,712","127,660","130,851","129,578","139,908","106,955","124,603","123,596","123,063","104,502","106,903","131,962","132,463","132,409","141,679","124,081","122,371"
"Male householder, no spouse present, family",6.20%,5.00%,5.30%,7.80%,8.30%,4.90%,4.40%,13.20%,9.70%,7.60%,7.40%,6.10%,8.90%,8.80%,5.00%,4.70%,4.80%,8.30%,9.50%,5.00%,4.50%,6.60%,7.80%,5.70%,4.10%,5.10%,N,10.00%,10.40%,10.60%,10.80%,12.20%,11.40%,4.00%,3.40%,3.40%,N,10.60%,11.40%
Median income (dollars),"79,144","101,676","93,062","47,096","56,250","110,115","110,115","49,519","64,333","82,972","84,094","94,128","68,307","79,145","96,071","104,978","102,034","47,096","56,250","110,115","110,115","71,052","83,540","70,513","90,560","71,974",-,"63,384","55,882","63,792","63,792","63,801","63,056","81,756","91,264","90,564",-,"55,882","62,529"
"Female householder, no husband present, family",16.20%,13.30%,15.00%,30.20%,26.90%,12.80%,13.20%,19.10%,20.60%,20.70%,21.80%,22.10%,22.70%,24.40%,13.40%,12.20%,12.10%,29.30%,27.40%,11.90%,12.20%,20.80%,21.30%,12.60%,10.70%,11.60%,8.40%,15.50%,16.90%,13.60%,13.50%,17.40%,18.20%,11.40%,9.70%,10.30%,7.90%,16.10%,13.50%
Median income (dollars),"50,192","59,445","53,256","46,585","47,045","50,994","51,578","33,490","34,672","47,515","45,450","46,477","36,841","36,451","58,329","61,351","61,333","47,019","49,344","51,122","52,047","47,622","42,182","65,910","69,336","69,122","51,262","81,740","68,045","85,882","85,992","64,186","60,949","66,300","72,500","70,892","50,470","68,567","85,283"
Individuals,"1,305,154","717,362","954,519","102,957","124,860","100,325","121,448","119,005","327,202","249,162","202,117","192,592","435,437","314,871","869,717","613,272","660,823","100,007","115,296","96,688","114,449","237,157","208,197","643,026","387,893","490,605","65,815","129,235","106,870","75,698","73,397","163,099","128,906","479,927","351,272","378,036","64,403","102,712","81,506"
Per capita income (dollars),"52,471","61,951","56,359","43,362","40,995","66,676","64,401","22,889","32,595","39,049","37,614","38,014","31,165","30,366","63,139","66,958","65,880","43,518","41,422","68,063","66,559","39,444","38,143","44,845","50,640","47,146","48,480","31,561","33,685","37,121","37,370","31,140","30,692","49,502","52,619","50,991","49,086","33,954","35,626"
"With earnings for full-time, year-round workers:",,,,,,,,,,,,,,,,,,,,,,,,,,,,,,,,,,,,,,,
Male,"306,612","170,913","227,730","20,953","25,199","27,698","33,282","23,597","73,483","59,720","47,805","45,756","92,374","64,906","214,238","153,162","163,016","20,547","23,202","27,397","32,174","56,817","49,886","149,798","89,874","111,882","15,835","29,559","23,207","18,622","18,234","37,197","29,973","112,601","82,179","86,217","15,675","22,008","19,017"
Female,"242,933","138,455","175,246","22,959","25,920","21,253","24,055","18,660","53,850","40,220","34,356","31,432","68,551","50,505","174,382","120,439","128,613","22,378","24,821","20,750","23,231","36,791","35,190","106,473","65,151","82,409","9,011","21,460","18,215","14,836","14,082","25,928","21,455","80,545","59,508","63,064","8,783","17,258","15,269"
"Mean earnings (dollars)  for full-time, year-round workers:",,,,,,,,,,,,,,,,,,,,,,,,,,,,,,,,,,,,,,,
Male,"106,392","119,495","112,665","80,361","80,451","132,969","133,554","50,794","74,986","90,392","86,302","87,722","73,363","74,165","120,634","124,566","124,963","80,397","79,081","131,236","133,813","92,120","86,429","94,881","103,207","98,074","127,437","68,011","75,125","76,202","76,817","70,355","66,917","102,984","105,127","104,027","128,177","77,113","75,612"
Female,"74,843","82,936","77,006","75,797","72,877","91,631","90,191","41,977","48,485","53,565","52,004","52,937","50,047","50,475","84,590","86,157","85,356","76,249","73,612","93,030","91,268","54,689","51,936","67,362","72,414","70,091","79,381","54,838","60,605","59,915","60,858","54,066","54,544","71,641","74,449","73,634","80,145","61,318","60,302"
"Median earnings (dollars) full-time, year-round workers:",,,,,,,,,,,,,,,,,,,,,,,,,,,,,,,,,,,,,,,
Male,"73,757","90,071","80,509","53,016","57,522","110,986","101,647","42,299","46,965","55,126","50,801","51,444","50,115","49,006","89,788","94,424","94,258","52,927","52,992","111,022","102,945","56,313","51,442","75,416","81,871","77,769","126,164","52,700","56,192","61,807","62,425","54,098","52,897","83,081","83,404","82,438","126,525","59,893","60,351"
Female,"54,583","60,740","57,190","37,483","42,262","80,631","78,496","38,896","41,401","46,751","46,331","46,215","41,013","41,147","61,678","63,430","63,080","37,493","43,173","82,135","81,050","46,994","46,110","54,325","57,328","55,780","78,810","49,380","50,649","51,090","51,381","46,536","46,214","57,485","59,574","57,477","79,858","50,875","51,264"
HEALTH INSURANCE COVERAGE,,,,,,,,,,,,,,,,,,,,,,,,,,,,,,,,,,,,,,,
Civilian noninstitutionalized population,"1,295,885","712,417","947,639","101,079","122,853","100,325","121,448","118,672","325,184","247,227","200,432","190,907","433,316","313,023","862,569","608,430","655,731","98,129","113,289","96,688","114,449","235,222","206,512","640,777","386,832","489,010","65,806","128,401","106,336","75,223","72,922","162,288","128,372","478,489","350,279","376,984","64,394","102,178","81,031"
With private health insurance,74.30%,82.50%,78.10%,69.10%,70.30%,80.60%,82.00%,48.70%,56.70%,64.60%,60.30%,60.00%,57.70%,59.20%,82.60%,84.80%,84.90%,69.10%,70.40%,82.00%,83.10%,64.50%,61.40%,77.20%,80.30%,79.60%,85.40%,68.20%,77.70%,79.10%,78.60%,68.40%,65.20%,80.20%,81.40%,81.10%,85.50%,77.00%,78.00%
With public coverage,21.50%,20.30%,20.60%,27.90%,25.20%,13.20%,12.20%,29.00%,25.70%,21.50%,24.20%,24.40%,26.00%,25.90%,19.20%,19.90%,19.00%,27.70%,25.30%,12.40%,11.10%,21.70%,23.80%,22.00%,23.70%,22.10%,11.30%,19.00%,15.50%,14.90%,15.00%,18.60%,20.20%,23.10%,24.10%,23.70%,11.30%,15.80%,16.20%
No health insurance coverage,12.50%,7.80%,10.50%,13.30%,13.60%,9.70%,9.60%,26.30%,22.00%,18.50%,20.00%,20.10%,21.50%,20.40%,8.00%,6.60%,6.90%,13.30%,13.40%,9.30%,9.30%,18.30%,19.50%,11.10%,8.70%,9.50%,8.80%,18.80%,12.30%,11.60%,11.90%,18.80%,20.50%,8.50%,7.80%,8.10%,8.60%,12.70%,11.30%
POVERTY RATES FOR FAMILIES AND PEOPLE FOR WHOM POVERTY STATUS IS DETERMINED,,,,,,,,,,,,,,,,,,,,,,,,,,,,,,,,,,,,,,,
All families,7.10%,4.90%,6.40%,9.60%,10.00%,N,0.70%,16.60%,14.60%,12.30%,14.00%,13.10%,15.30%,16.80%,3.50%,3.40%,3.30%,9.90%,8.60%,N,0.70%,11.90%,13.60%,4.50%,3.40%,3.50%,6.40%,5.00%,3.70%,N,N,5.10%,5.50%,4.30%,3.20%,3.60%,6.50%,3.80%,N
With related children of the householder under 18 years,9.90%,6.90%,8.90%,10.30%,10.50%,N,N,23.30%,19.10%,15.70%,16.50%,15.60%,21.10%,24.80%,4.10%,4.30%,4.10%,10.90%,10.20%,N,N,15.10%,16.30%,6.20%,5.00%,5.10%,6.10%,6.10%,5.50%,N,N,6.80%,7.40%,6.00%,4.50%,5.30%,6.10%,5.60%,N
With related children of the householder under 5 years only,6.40%,N,4.40%,N,N,N,N,16.40%,11.70%,N,N,N,17.40%,20.90%,N,1.60%,1.50%,N,N,N,N,N,N,3.20%,4.90%,4.50%,N,N,N,N,N,N,N,3.10%,4.20%,4.10%,N,N,N
Married-couple family,4.80%,3.80%,4.50%,1.20%,3.80%,N,N,12.00%,10.30%,8.10%,9.80%,8.80%,11.60%,13.50%,2.20%,2.60%,2.50%,1.30%,1.10%,N,N,7.40%,9.50%,3.00%,2.00%,1.90%,4.00%,N,1.30%,N,N,4.40%,4.80%,2.70%,2.10%,2.20%,4.10%,1.30%,N
With related children of the householder under 18 years,5.80%,5.30%,5.10%,N,N,N,N,21.90%,11.40%,4.40%,5.00%,5.00%,14.70%,17.00%,2.10%,3.00%,2.80%,N,N,N,N,4.40%,5.00%,4.00%,2.70%,2.60%,3.20%,N,N,N,N,N,N,3.60%,2.90%,3.20%,3.30%,N,N
With related children of the householder under 5 years only,4.90%,N,N,N,N,N,N,N,N,N,N,N,15.60%,19.40%,N,N,N,N,N,N,N,N,N,N,N,N,N,N,N,N,N,N,N,N,N,N,N,N,N
"Female householder, no spouse present, family",18.90%,11.90%,17.30%,23.20%,22.60%,N,N,40.70%,33.70%,29.80%,30.80%,29.30%,30.60%,31.00%,10.20%,8.60%,8.30%,24.40%,22.60%,N,N,29.40%,30.50%,12.90%,12.30%,13.00%,28.40%,N,14.50%,N,N,9.60%,11.40%,14.20%,10.80%,12.70%,31.10%,15.50%,N
With related children of the householder under 18 years,25.80%,14.50%,24.60%,26.10%,25.50%,N,N,41.00%,43.40%,43.60%,44.50%,42.60%,40.40%,45.60%,12.40%,9.80%,9.40%,28.40%,25.10%,N,N,43.30%,44.50%,20.60%,20.10%,20.10%,38.60%,N,19.60%,N,N,14.70%,16.30%,23.20%,18.60%,21.20%,38.60%,20.20%,N
With related children of the householder under 5 years only,14.40%,N,N,N,N,-,N,100.00%,N,N,N,N,75.70%,75.70%,N,N,N,N,N,-,N,N,N,25.50%,42.30%,25.50%,N,N,N,N,N,N,N,35.90%,45.30%,35.90%,N,N,N
All people,11.30%,9.10%,10.00%,12.60%,13.00%,6.10%,5.60%,23.80%,17.60%,13.00%,14.10%,13.60%,18.60%,19.70%,7.60%,7.30%,7.20%,12.80%,12.00%,5.60%,5.30%,12.70%,14.00%,6.40%,4.80%,4.90%,10.10%,7.80%,5.50%,3.30%,3.00%,7.40%,7.00%,6.10%,4.70%,5.30%,10.30%,5.50%,3.10%
Under 18 years,14.90%,12.00%,12.30%,11.40%,10.00%,0.00%,0.20%,39.60%,24.10%,12.80%,15.30%,15.40%,26.20%,29.70%,5.80%,6.30%,5.60%,11.50%,9.30%,0.00%,0.20%,12.90%,14.90%,8.40%,4.40%,5.40%,11.20%,11.40%,8.30%,6.80%,5.80%,9.60%,10.80%,7.90%,4.40%,5.50%,11.60%,7.90%,6.40%
Related children of the householder under 18 years,14.60%,11.90%,12.20%,11.40%,10.00%,N,N,38.10%,23.20%,12.60%,15.10%,15.20%,25.80%,29.70%,5.60%,6.30%,5.40%,11.50%,9.30%,N,N,12.80%,14.80%,8.30%,4.20%,5.20%,11.20%,11.10%,8.30%,6.80%,5.80%,9.40%,10.60%,7.80%,4.20%,5.30%,11.60%,7.90%,6.40%
Related children of the householder under 5 years,11.90%,12.00%,11.80%,N,4.20%,N,N,22.00%,17.70%,11.60%,15.40%,14.60%,25.50%,27.60%,1.20%,1.20%,1.00%,N,N,N,N,11.30%,15.00%,7.30%,3.20%,4.40%,7.90%,13.20%,8.40%,7.90%,5.90%,9.20%,10.00%,6.50%,3.90%,4.90%,8.40%,7.60%,8.20%
Related children of the householder 5 to 17 years,15.70%,11.90%,12.40%,N,12.10%,N,N,44.30%,25.20%,13.00%,15.00%,15.40%,25.90%,30.50%,7.30%,8.10%,7.10%,N,N,N,N,13.30%,14.70%,8.60%,4.60%,5.50%,12.30%,10.50%,8.30%,6.50%,5.80%,9.50%,10.80%,8.20%,4.30%,5.40%,12.70%,8.00%,5.90%
18 years and over,10.40%,8.50%,9.40%,12.90%,13.90%,7.60%,7.30%,18.00%,15.20%,13.10%,13.70%,12.90%,15.70%,15.70%,8.00%,7.50%,7.50%,13.10%,12.90%,6.80%,6.70%,12.60%,13.70%,5.80%,4.90%,4.80%,9.70%,6.40%,4.20%,1.80%,1.90%,6.50%,5.30%,5.50%,4.70%,5.20%,9.80%,4.40%,1.70%
18 to 64 years,10.20%,8.60%,9.30%,11.80%,12.10%,7.80%,7.40%,18.00%,14.20%,11.60%,11.90%,11.60%,14.60%,14.90%,8.10%,7.90%,7.90%,11.80%,11.70%,7.00%,6.70%,11.50%,11.90%,5.90%,4.80%,4.80%,9.40%,6.90%,4.50%,2.00%,2.00%,6.70%,5.60%,5.60%,4.70%,5.30%,9.60%,4.70%,1.90%
65 years and over,11.30%,7.80%,9.90%,20.40%,25.40%,5.60%,6.00%,17.50%,28.60%,30.60%,33.20%,27.70%,27.80%,23.90%,7.40%,5.70%,6.00%,21.10%,20.90%,5.70%,6.20%,25.40%,32.90%,5.10%,5.20%,4.80%,12.10%,0.30%,1.00%,0.50%,0.50%,4.10%,0.80%,5.20%,4.90%,4.90%,12.20%,1.00%,0.40%
People in families,9.00%,6.80%,8.00%,9.30%,9.10%,0.70%,0.70%,21.90%,15.90%,11.20%,12.80%,12.60%,17.30%,19.10%,4.20%,4.30%,4.10%,9.40%,8.10%,0.70%,0.70%,11.10%,12.60%,5.20%,3.10%,3.50%,9.10%,6.90%,5.10%,2.60%,2.30%,6.20%,6.80%,4.80%,3.00%,3.70%,9.30%,5.00%,2.50%
Unrelated individuals 15 years and over,17.20%,14.00%,14.90%,18.00%,19.80%,23.40%,21.30%,29.30%,23.70%,19.60%,19.20%,17.90%,23.50%,22.30%,15.00%,13.50%,13.90%,18.10%,18.60%,21.10%,19.60%,18.70%,19.60%,13.50%,13.10%,12.70%,21.90%,14.10%,9.30%,9.30%,10.10%,15.50%,9.20%,12.90%,12.40%,12.60%,21.90%,10.40%,9.10%
HOUSING TENURE,,,,,,,,,,,,,,,,,,,,,,,,,,,,,,,,,,,,,,,
Occupied housing units,"567,627","344,594","428,906","45,834","53,858","42,509","49,593","39,132","113,246","90,105","71,439","67,170","152,345","105,188","415,282","304,459","323,577","44,216","50,314","41,811","47,948","84,312","74,114","241,836","163,178","190,046","21,755","36,196","27,881","20,420","20,035","47,232","36,201","194,604","151,748","158,053","21,382","26,868","22,016"
Owner-occupied housing units,52.30%,56.70%,56.00%,34.60%,34.00%,55.40%,54.00%,36.00%,47.90%,51.40%,53.10%,54.90%,46.00%,51.00%,54.70%,58.20%,57.60%,34.50%,33.50%,56.20%,54.20%,53.10%,54.10%,67.90%,70.50%,69.30%,68.80%,62.00%,61.70%,64.30%,65.20%,58.20%,61.60%,70.30%,72.10%,71.20%,69.80%,61.80%,64.30%
Renter-occupied housing units,47.70%,43.30%,44.00%,65.40%,66.00%,44.60%,46.00%,64.00%,52.10%,48.60%,46.90%,45.10%,54.00%,49.00%,45.30%,41.80%,42.40%,65.50%,66.50%,43.80%,45.80%,46.90%,45.90%,32.10%,29.50%,30.70%,31.20%,38.00%,38.30%,35.70%,34.80%,41.80%,38.40%,29.70%,27.90%,28.80%,30.20%,38.20%,35.70%
Average household size of owner-occupied unit,2.57,2.42,2.5,2.68,2.63,2.66,2.65,3.15,2.94,2.87,2.92,2.93,2.91,3.04,2.46,2.39,2.41,2.64,2.62,2.67,2.68,2.87,2.87,2.79,2.71,2.74,2.98,3.1,2.95,3.01,3.02,3.06,3.1,2.74,2.69,2.7,2.99,3,3.02
Average household size of renter-occupied unit,1.9,1.78,1.85,1.7,1.66,1.91,1.86,2.6,2.36,2.07,2.2,2.29,2.33,2.26,1.72,1.71,1.72,1.7,1.66,1.88,1.85,2.14,2.19,2.33,2.13,2.3,2.53,2.84,3.03,2.99,3.06,2.74,2.96,2.2,2.09,2.15,2.51,3.08,3.02
UNITS IN STRUCTURE,,,,,,,,,,,,,,,,,,,,,,,,,,,,,,,,,,,,,,,
Occupied housing units,"567,627","344,594","428,906","45,834","53,858","42,509","49,593","39,132","113,246","90,105","71,439","67,170","152,345","105,188","415,282","304,459","323,577","44,216","50,314","41,811","47,948","84,312","74,114","241,836","163,178","190,046","21,755","36,196","27,881","20,420","20,035","47,232","36,201","194,604","151,748","158,053","21,382","26,868","22,016"
"1-unit, detached or attached",56.70%,60.80%,60.10%,42.00%,41.70%,54.70%,54.20%,44.80%,52.60%,54.80%,55.60%,58.50%,50.60%,55.40%,59.00%,62.40%,62.20%,42.00%,41.50%,55.40%,54.40%,57.50%,56.70%,75.70%,78.70%,78.10%,76.80%,69.40%,74.70%,73.80%,74.10%,65.40%,68.70%,78.20%,80.20%,80.00%,77.50%,74.70%,74.60%
2 to 4 units,5.50%,4.70%,4.90%,8.70%,9.70%,4.30%,5.40%,7.30%,7.00%,7.20%,7.00%,5.30%,6.40%,5.90%,5.20%,4.20%,4.50%,9.10%,10.30%,4.30%,5.50%,5.90%,6.80%,4.20%,3.70%,3.90%,1.50%,6.40%,5.70%,6.90%,6.40%,7.10%,5.30%,3.40%,3.50%,3.40%,0.90%,5.20%,7.00%
5 or more units,35.20%,32.50%,32.60%,48.10%,47.60%,39.20%,38.80%,41.00%,35.10%,34.10%,32.60%,32.20%,38.20%,32.30%,34.10%,31.60%,31.60%,47.80%,47.10%,38.60%,38.70%,33.30%,31.90%,17.50%,15.40%,15.80%,21.70%,16.80%,17.90%,17.10%,17.30%,21.30%,17.90%,16.60%,14.20%,14.50%,21.60%,18.20%,16.40%
"Mobile home, boat, RV, van, etc.",2.60%,2.10%,2.30%,1.10%,1.00%,1.90%,1.60%,6.80%,5.40%,3.90%,4.80%,4.00%,4.90%,6.40%,1.70%,1.80%,1.80%,1.10%,1.10%,1.60%,1.40%,3.30%,4.60%,2.60%,2.10%,2.10%,0.00%,7.40%,1.80%,2.20%,2.30%,6.20%,8.00%,1.80%,2.10%,2.10%,0.00%,1.90%,2.10%
YEAR STRUCTURE BUILT,,,,,,,,,,,,,,,,,,,,,,,,,,,,,,,,,,,,,,,
Occupied housing units,"567,627","344,594","428,906","45,834","53,858","42,509","49,593","39,132","113,246","90,105","71,439","67,170","152,345","105,188","415,282","304,459","323,577","44,216","50,314","41,811","47,948","84,312","74,114","241,836","163,178","190,046","21,755","36,196","27,881","20,420","20,035","47,232","36,201","194,604","151,748","158,053","21,382","26,868","22,016"
Built 2020 or later,1.90%,1.10%,1.20%,1.30%,3.30%,7.10%,6.40%,1.30%,2.70%,3.00%,3.50%,2.00%,1.40%,1.40%,2.10%,1.10%,1.10%,1.40%,3.60%,7.20%,6.60%,1.80%,3.40%,3.40%,4.00%,3.80%,2.20%,2.20%,2.40%,2.50%,2.50%,3.10%,3.60%,3.50%,3.90%,3.90%,2.30%,2.50%,2.30%
Built 2010 to 2019,25.40%,23.50%,24.60%,24.80%,24.50%,35.70%,33.90%,24.40%,27.70%,28.70%,29.10%,30.30%,26.60%,25.60%,25.00%,23.70%,23.70%,24.90%,23.70%,35.10%,33.60%,29.50%,29.40%,33.80%,31.30%,31.10%,52.20%,28.10%,31.20%,30.10%,29.80%,31.20%,31.30%,34.40%,30.70%,30.70%,52.70%,30.10%,28.50%
Built 2000 to 2009,18.80%,16.90%,17.80%,24.00%,24.50%,22.20%,22.70%,18.90%,19.60%,21.50%,20.40%,20.50%,21.30%,21.40%,17.80%,16.40%,16.60%,22.30%,23.90%,22.60%,23.30%,21.30%,20.00%,25.80%,26.80%,27.20%,27.70%,25.90%,28.60%,29.10%,29.10%,25.70%,24.70%,25.90%,26.60%,26.50%,28.10%,29.20%,30.10%
Built 1980 to 1999,28.40%,30.90%,29.40%,24.60%,23.70%,21.50%,22.20%,31.40%,26.00%,23.30%,23.60%,23.70%,26.70%,27.10%,29.10%,30.90%,30.60%,25.20%,24.30%,21.90%,22.90%,23.30%,23.10%,25.80%,26.30%,26.40%,15.60%,31.50%,26.90%,26.70%,27.20%,27.00%,26.80%,25.50%,27.40%,27.50%,15.20%,27.50%,27.70%
Built 1960 to 1979,18.10%,19.10%,18.90%,20.00%,19.10%,8.90%,9.40%,15.90%,17.80%,17.90%,18.70%,18.80%,18.60%,19.20%,17.90%,18.90%,18.90%,20.70%,19.50%,9.10%,9.30%,18.30%,18.80%,8.10%,8.20%,8.20%,1.90%,9.20%,8.70%,9.10%,9.30%,9.60%,9.60%,7.70%,8.00%,8.10%,1.40%,8.70%,8.90%
Built 1940 to 1959,5.30%,6.20%,5.80%,2.70%,2.50%,3.50%,4.30%,6.00%,4.50%,4.00%,3.30%,3.50%,4.20%,4.40%,5.70%,6.50%,6.50%,2.80%,2.60%,3.30%,3.30%,4.30%,3.70%,1.50%,1.60%,1.50%,0.20%,1.40%,1.30%,1.70%,1.30%,1.80%,2.20%,1.50%,1.50%,1.40%,0.20%,1.10%,1.70%
Built 1939 or earlier,2.10%,2.40%,2.20%,2.60%,2.40%,1.00%,1.10%,2.00%,1.70%,1.60%,1.30%,1.20%,1.20%,0.90%,2.40%,2.60%,2.60%,2.70%,2.40%,0.80%,1.00%,1.50%,1.60%,1.50%,1.80%,1.70%,0.10%,1.80%,0.90%,0.90%,0.90%,1.50%,1.90%,1.50%,1.90%,1.80%,0.10%,0.90%,0.80%
VEHICLES AVAILABLE,,,,,,,,,,,,,,,,,,,,,,,,,,,,,,,,,,,,,,,
Occupied housing units,"567,627","344,594","428,906","45,834","53,858","42,509","49,593","39,132","113,246","90,105","71,439","67,170","152,345","105,188","415,282","304,459","323,577","44,216","50,314","41,811","47,948","84,312","74,114","241,836","163,178","190,046","21,755","36,196","27,881","20,420","20,035","47,232","36,201","194,604","151,748","158,053","21,382","26,868","22,016"
None,5.00%,4.10%,4.50%,8.40%,8.60%,6.60%,6.30%,4.70%,5.70%,6.00%,6.40%,6.10%,5.00%,3.50%,5.00%,4.20%,4.20%,8.70%,8.50%,6.70%,6.50%,5.80%,6.20%,2.60%,3.20%,2.90%,2.40%,0.30%,0.80%,0.10%,0.10%,0.70%,0.30%,3.10%,3.30%,3.30%,2.40%,0.80%,0.10%
1 or more,95.00%,95.90%,95.50%,91.60%,91.40%,93.40%,93.70%,95.30%,94.30%,94.00%,93.60%,93.90%,95.00%,96.50%,95.00%,95.80%,95.80%,91.30%,91.50%,93.30%,93.50%,94.20%,93.80%,97.40%,96.80%,97.10%,97.60%,99.70%,99.20%,99.90%,99.90%,99.30%,99.70%,96.90%,96.70%,96.70%,97.60%,99.20%,99.90%
HOUSE HEATING FUEL,,,,,,,,,,,,,,,,,,,,,,,,,,,,,,,,,,,,,,,
Occupied housing units,"567,627","344,594","428,906","45,834","53,858","42,509","49,593","39,132","113,246","90,105","71,439","67,170","152,345","105,188","415,282","304,459","323,577","44,216","50,314","41,811","47,948","84,312","74,114","241,836","163,178","190,046","21,755","36,196","27,881","20,420","20,035","47,232","36,201","194,604","151,748","158,053","21,382","26,868","22,016"
Gas,42.80%,44.80%,44.20%,36.50%,37.80%,45.90%,44.60%,36.60%,37.80%,39.90%,38.80%,40.70%,38.00%,38.70%,44.60%,45.30%,45.60%,37.50%,38.80%,46.70%,45.60%,41.70%,38.30%,49.10%,51.00%,49.90%,60.50%,40.10%,43.10%,44.00%,43.70%,37.50%,39.40%,51.90%,52.00%,51.80%,61.00%,43.50%,44.70%
Electricity,56.10%,54.40%,54.90%,63.10%,61.90%,53.00%,54.20%,59.60%,60.20%,58.90%,60.00%,58.00%,60.50%,60.40%,54.50%,53.90%,53.60%,62.00%,60.80%,52.30%,53.10%,57.00%,60.50%,50.10%,47.90%,49.10%,39.50%,59.60%,56.90%,55.90%,56.20%,62.10%,60.10%,47.20%,46.90%,47.10%,39.00%,56.40%,55.20%
All other fuels,0.60%,0.70%,0.60%,0.30%,0.20%,0.00%,0.30%,2.30%,0.90%,0.20%,0.10%,0.10%,0.70%,0.40%,0.60%,0.70%,0.70%,0.30%,0.20%,0.00%,0.30%,0.30%,0.10%,0.60%,0.80%,0.70%,0.00%,0.00%,0.10%,0.10%,0.10%,0.30%,0.40%,0.60%,0.80%,0.80%,0.00%,0.10%,0.10%
No fuel used,0.40%,0.10%,0.30%,0.20%,0.10%,1.10%,0.90%,1.50%,1.20%,0.90%,1.10%,1.20%,0.80%,0.50%,0.30%,0.10%,0.10%,0.20%,0.10%,1.10%,0.90%,1.00%,1.10%,0.20%,0.30%,0.20%,0.00%,0.30%,0.00%,0.00%,0.00%,0.00%,0.10%,0.30%,0.30%,0.30%,0.00%,0.00%,0.00%
SELECTED CHARACTERISTICS,,,,,,,,,,,,,,,,,,,,,,,,,,,,,,,,,,,,,,,
Occupied housing units,"567,627","344,594","428,906","45,834","53,858","42,509","49,593","39,132","113,246","90,105","71,439","67,170","152,345","105,188","415,282","304,459","323,577","44,216","50,314","41,811","47,948","84,312","74,114","241,836","163,178","190,046","21,755","36,196","27,881","20,420","20,035","47,232","36,201","194,604","151,748","158,053","21,382","26,868","22,016"
No telephone service available,0.80%,0.60%,0.70%,N,N,N,N,2.60%,1.60%,1.00%,N,N,1.20%,1.20%,0.70%,0.60%,0.60%,N,N,N,N,1.00%,N,0.80%,0.80%,0.80%,N,N,N,N,N,N,N,0.70%,0.80%,0.90%,N,N,N
1.01 or more occupants per room,3.60%,2.30%,2.90%,2.70%,2.70%,5.10%,4.40%,10.90%,7.70%,5.20%,6.20%,6.40%,8.70%,7.70%,1.70%,1.20%,1.20%,2.80%,2.90%,4.90%,4.30%,5.40%,5.90%,3.60%,1.90%,2.50%,4.30%,10.60%,6.00%,7.80%,8.00%,9.00%,9.90%,2.30%,1.70%,1.70%,4.40%,6.30%,7.30%
SELECTED MONTHLY OWNER COSTS AS A PERCENTAGE OF HOUSEHOLD INCOME IN THE PAST 12 MONTHS,,,,,,,,,,,,,,,,,,,,,,,,,,,,,,,,,,,,,,,
Housing units with a mortgage (excluding units where SMOC cannot be computed),"197,516","131,766","161,234","12,585","14,127","13,813","16,346","7,844","34,013","30,094","24,883","24,610","44,279","32,591","153,237","119,206","125,696","11,997","12,871","13,813","15,736","29,468","26,169","117,546","80,581","93,326","10,973","16,238","13,259","10,438","10,355","20,771","16,559","96,775","75,597","77,984","10,938","12,745","10,817"
Less than 30 percent,71.20%,71.40%,71.30%,75.00%,76.20%,73.30%,75.00%,55.20%,66.70%,70.70%,68.90%,69.00%,66.50%,66.60%,72.50%,71.80%,72.20%,73.70%,74.70%,73.30%,74.90%,70.40%,70.20%,75.90%,77.10%,77.40%,75.90%,76.60%,76.00%,77.30%,77.90%,74.10%,74.00%,76.30%,77.90%,77.90%,75.80%,79.10%,77.90%
30 percent or more,28.80%,28.60%,28.70%,25.00%,23.80%,26.70%,25.00%,44.80%,33.30%,29.30%,31.10%,31.00%,33.50%,33.40%,27.50%,28.20%,27.80%,26.30%,25.30%,26.70%,25.10%,29.60%,29.80%,24.10%,22.90%,22.60%,24.10%,23.40%,24.00%,22.70%,22.10%,25.90%,26.00%,23.70%,22.10%,22.10%,24.20%,20.90%,22.10%
OWNER CHARACTERISTICS,,,,,,,,,,,,,,,,,,,,,,,,,,,,,,,,,,,,,,,
Owner-occupied housing units,"297,139","195,215","239,991","15,837","18,307","23,569","26,782","14,099","54,207","46,316","37,904","36,893","70,052","53,612","227,087","177,296","186,396","15,249","16,868","23,510","26,004","44,776","40,108","164,286","115,085","131,682","14,960","22,428","17,208","13,139","13,056","27,491","22,296","136,795","109,361","112,552","14,925","16,597","14,157"
Median value (dollars),"451,000","509,700","473,000","341,800","352,500","491,300","488,200","275,000","310,500","342,100","326,700","330,000","314,700","294,500","498,200","532,000","527,500","335,600","340,900","492,100","493,800","343,200","328,200","385,400","385,100","384,600","484,100","321,800","371,800","368,600","370,000","330,400","327,000","395,900","385,600","387,900","484,500","380,700","360,200"
Median selected monthly owner costs with a mortgage (dollars),"2,232","2,335","2,274","1,659","1,688","2,463","2,426","1,726","1,904","2,014","1,952","1,946","1,881","1,860","2,336","2,373","2,369","1,664","1,675","2,463","2,466","2,001","1,967","2,026","2,021","1,990","2,657","1,872","1,893","1,861","1,865","1,863","1,846","2,090","2,022","2,026","2,660","1,878","1,869"
Median selected monthly owner costs without a mortgage (dollars),856,922,875,623,716,"1,047","1,049",668,641,664,615,633,681,658,961,949,964,623,700,"1,049","1,055",677,618,812,795,811,891,821,876,879,879,785,764,819,802,804,891,882,885
GROSS RENT AS A PERCENTAGE OF HOUSEHOLD INCOME IN THE PAST 12 MONTHS,,,,,,,,,,,,,,,,,,,,,,,,,,,,,,,,,,,,,,,
Occupied units paying rent (excluding units where GRAPI cannot be computed),"260,825","143,134","181,286","29,604","34,941","18,604","22,422","23,902","56,627","42,291","32,307","29,163","78,549","49,284","182,276","122,292","131,991","28,574","32,836","17,965","21,608","38,152","32,725","74,305","46,136","56,289","5,929","13,768","10,555","7,281","6,979","19,224","13,388","55,081","40,947","43,943","5,591","10,153","7,859"
Less than 30 percent,52.20%,55.30%,54.20%,43.30%,41.80%,65.00%,62.30%,41.60%,45.60%,47.70%,49.20%,52.40%,45.10%,44.70%,55.30%,56.70%,56.80%,42.80%,40.70%,66.70%,64.00%,50.30%,48.60%,54.10%,58.80%,59.50%,74.60%,49.10%,61.70%,63.10%,63.80%,50.30%,51.60%,55.40%,60.40%,59.70%,75.30%,62.80%,64.20%
30 percent or more,47.80%,44.70%,45.80%,56.70%,58.20%,35.00%,37.70%,58.40%,54.40%,52.30%,50.80%,47.60%,54.90%,55.30%,44.70%,43.30%,43.20%,57.20%,59.30%,33.30%,36.00%,49.70%,51.40%,45.90%,41.20%,40.50%,25.40%,50.90%,38.30%,36.90%,36.20%,49.70%,48.40%,44.60%,39.60%,40.30%,24.70%,37.20%,35.80%
GROSS RENT,,,,,,,,,,,,,,,,,,,,,,,,,,,,,,,,,,,,,,,
Occupied units paying rent,"265,800","145,905","184,886","29,779","35,333","18,740","22,611","24,852","58,303","43,234","32,980","29,722","81,323","51,052","184,477","123,863","133,881","28,749","33,228","18,101","21,744","38,981","33,451","75,334","46,793","57,064","6,157","13,768","10,673","7,281","6,979","19,528","13,692","55,806","41,300","44,414","5,819","10,271","7,859"
Median gross rent (dollars),"1,437","1,535","1,508","1,262","1,273","1,445","1,456","1,355","1,380","1,421","1,415","1,421","1,359","1,364","1,481","1,569","1,573","1,259","1,272","1,435","1,449","1,435","1,414","1,486","1,494","1,506","1,500","1,462","1,553","1,580","1,577","1,451","1,486","1,505","1,504","1,505","1,512","1,551","1,583"
COMPUTERS AND INTERNET USE,,,,,,,,,,,,,,,,,,,,,,,,,,,,,,,,,,,,,,,
Total households,"567,627","344,594","428,906","45,834","53,858","42,509","49,593","39,132","113,246","90,105","71,439","67,170","152,345","105,188","415,282","304,459","323,577","44,216","50,314","41,811","47,948","84,312","74,114","241,836","163,178","190,046","21,755","36,196","27,881","20,420","20,035","47,232","36,201","194,604","151,748","158,053","21,382","26,868","22,016"
With a computer,97.90%,98.60%,98.00%,95.70%,96.40%,100.00%,100.00%,96.50%,95.80%,95.90%,95.20%,94.90%,96.30%,96.70%,98.40%,98.60%,98.70%,95.60%,96.10%,100.00%,100.00%,95.60%,95.40%,99.20%,99.20%,99.20%,100.00%,98.90%,99.60%,99.60%,99.60%,99.20%,99.20%,99.20%,99.10%,99.20%,100.00%,99.60%,99.60%
With a broadband Internet subscription,94.20%,95.00%,94.70%,92.80%,93.50%,96.00%,96.10%,89.10%,91.80%,93.60%,92.90%,92.90%,90.80%,92.60%,95.50%,95.70%,95.80%,92.50%,93.30%,96.00%,95.90%,93.50%,93.20%,95.30%,94.30%,94.80%,98.00%,96.40%,97.70%,98.20%,98.20%,93.50%,93.70%,95.80%,95.10%,95.20%,98.00%,97.60%,98.30%